Lead_ID,Enquiry_Date,Is_Duplicate_Lead,Previous_Enquiry_Date,Student_Name,Student_Phone,Student_Email,Branch_ID,Branch_Name,Branch_Type,Counselor_ID,Counselor_Name,Counselor_Phone,Lead_Source,Preferred_Country,Secondary_Country,Coaching_Required,Current_Stage,Scheduled_Followup_Date,CRM_Updated,CRM_Remarks
LEAD-10001,2026-08-01,No,N/A,Deep Mehta,+918572960901,student_10001@gmail.com,BR-OFF-18,Official Branch 18,Official,CNS-021,Sachin Patel,+919408157429,Referral,Canada,Germany,IELTS,Follow-up Stage,2026-08-08,Yes,"Detailed counseling given regarding loan options, visa requirements and university choices."
LEAD-10002,2026-08-01,No,N/A,Simran Mehta,+918478724683,student_10002@gmail.com,BR-WL-14,WhiteLabel Branch 14,WhiteLabel,CNS-004,Megha Trivedi,+919093349856,Referral,UK,Germany,PTE,Application Started,2026-08-08,Yes,Discussed UK university intakes. Student evaluating budget.
LEAD-10003,2026-08-01,No,N/A,Rohan Singh,+918711138924,student_10003@gmail.com,BR-WL-14,WhiteLabel Branch 14,WhiteLabel,CNS-004,Megha Trivedi,+919093349856,Website Form,USA,UK,No,Inquiry,2026-08-16,No,
LEAD-10004,2026-08-01,No,N/A,Pooja Joshi,+918937148728,student_10004@gmail.com,BR-WL-03,WhiteLabel Branch 03,WhiteLabel,CNS-078,Alok Verma,+919454814084,Education Fair,Canada,Germany,No,Application Started,2026-08-08,Yes,Discussed Canada university intakes. Student evaluating budget.
LEAD-10005,2026-08-01,No,N/A,Riya Rathod,+919544964154,student_10005@gmail.com,BR-OFF-21,Official Branch 21,Official,CNS-095,Karan Shah,+919803132646,Referral,Ireland,UK,PTE,Inquiry,2026-08-26,No,
LEAD-10006,2026-08-01,No,N/A,Prisha Joshi,+919424613747,student_10006@gmail.com,BR-WL-01,WhiteLabel Branch 01,WhiteLabel,CNS-016,Karan Patel,+919990307112,Referral,USA,Ireland,PTE,Follow-up Stage,2026-08-16,Yes,Spoke with student. Student stated financial issue and dropped abroad plan.
LEAD-10007,2026-08-01,No,N/A,Riya Shah,+918411973467,student_10007@gmail.com,BR-WL-10,WhiteLabel Branch 10,WhiteLabel,CNS-054,Rohan Trivedi,+919836043811,Referral,Australia,New Zealand,GRE,Follow-up Stage,2026-08-16,Yes,Spoke with student. Student stated financial issue and dropped abroad plan.
LEAD-10008,2026-08-01,No,N/A,Aarav Desai,+918616142518,student_10008@gmail.com,BR-OFF-18,Official Branch 18,Official,CNS-027,Rohan Gupta,+919407437181,Walk-in,New Zealand,Germany,No,Follow-up Stage,2026-08-16,Yes,Spoke with student. Student stated financial issue and dropped abroad plan.
LEAD-10009,2026-08-01,No,N/A,Reyansh Singh,+919016159585,student_10009@gmail.com,BR-OFF-21,Official Branch 21,Official,CNS-095,Karan Shah,+919803132646,Google Ads,Ireland,Canada,PTE,Inquiry,2026-08-26,No,
LEAD-10010,2026-08-01,No,N/A,Aditya Mehta,+919444817696,student_10010@gmail.com,BR-OFF-08,Official Branch 08,Official,CNS-040,Sneha Shah,+919924602213,Google Ads,New Zealand,UK,GRE,Dropped,2026-08-08,Yes,None
LEAD-10011,2026-08-01,No,N/A,Daxesh Trivedi,+918417546486,student_10011@gmail.com,BR-WL-22,WhiteLabel Branch 22,WhiteLabel,CNS-092,Mayank Trivedi,+919710678904,Referral,Australia,Germany,Duolingo,Follow-up Stage,2026-08-26,Yes,Discussed Australia university intakes. Student evaluating budget.
LEAD-10012,2026-08-01,No,N/A,Sai Singh,+918997613291,student_10012@gmail.com,BR-WL-22,WhiteLabel Branch 22,WhiteLabel,CNS-007,Pooja Trivedi,+919213500298,Education Fair,UK,Canada,Duolingo,Dropped,2026-08-16,Yes,No Response
LEAD-10013,2026-08-01,No,N/A,Prisha Singh,+918916418798,student_10013@gmail.com,BR-OFF-03,Official Branch 03,Official,CNS-071,Rahul Sharma,+919072370545,Walk-in,UK,New Zealand,Duolingo,Inquiry,2026-08-08,No,
LEAD-10014,2026-08-01,No,N/A,Krishna Singh,+919040664172,student_10014@gmail.com,BR-OFF-07,Official Branch 07,Official,CNS-081,Neha Bhatt,+919364323393,Google Ads,USA,Germany,IELTS,Follow-up Stage,2026-08-08,Yes,Spoke with student. Student stated financial issue and dropped abroad plan.
LEAD-10015,2026-08-01,No,N/A,Jignesh Singh,+918173039205,student_10015@gmail.com,BR-OFF-13,Official Branch 13,Official,CNS-018,Nikhil Verma,+919619927151,Google Ads,UK,Germany,GRE,Follow-up Stage,2026-08-08,Yes,Spoke with student. Student stated financial issue and dropped abroad plan.
LEAD-10016,2026-08-01,No,N/A,Riya Gupta,+918892868375,student_10016@gmail.com,BR-WL-03,WhiteLabel Branch 03,WhiteLabel,CNS-008,Bhavna Bhatt,+919585126461,Google Ads,New Zealand,Australia,Duolingo,Inquiry,2026-08-26,No,
LEAD-10017,2026-08-01,No,N/A,Avani Verma,+919024306179,student_10017@gmail.com,BR-WL-24,WhiteLabel Branch 24,WhiteLabel,CNS-001,Bhavna Patel,+919026855092,Meta Campaign,USA,Germany,Duolingo,Inquiry,2026-08-26,No,
LEAD-10018,2026-08-01,No,N/A,Prisha Mehta,+919048464828,student_10018@gmail.com,BR-WL-26,WhiteLabel Branch 26,WhiteLabel,CNS-029,Vikram Chauhan,+919348195935,Meta Campaign,Australia,Germany,IELTS,Application Started,2026-08-26,Yes,Discussed Australia university intakes. Student evaluating budget.
LEAD-10019,2026-08-01,No,N/A,Arjun Trivedi,+919147021774,student_10019@gmail.com,BR-WL-14,WhiteLabel Branch 14,WhiteLabel,CNS-004,Megha Trivedi,+919093349856,Walk-in,Germany,Ireland,IELTS,Application Started,2026-08-16,Yes,Discussed Germany university intakes. Student evaluating budget.
LEAD-10020,2026-08-01,No,N/A,Diya Mehta,+918976459372,student_10020@gmail.com,BR-WL-01,WhiteLabel Branch 01,WhiteLabel,CNS-042,Alok Rathod,+919068212356,Meta Campaign,New Zealand,Australia,PTE,Follow-up Stage,2026-08-16,Yes,"Detailed counseling given regarding loan options, visa requirements and university choices."
LEAD-10021,2026-08-01,Yes,2026-07-01,Aadhya Singh,+917010382761,student_repeat_34@gmail.com,BR-WL-20,WhiteLabel Branch 20,WhiteLabel,CNS-045,Harish Bhatt,+919122998994,Google Ads,Ireland,Canada,IELTS,Follow-up Stage,2026-08-08,Yes,"Detailed counseling given regarding loan options, visa requirements and university choices."
LEAD-10022,2026-08-01,No,N/A,Arjun Gupta,+919437651928,student_10022@gmail.com,BR-WL-06,WhiteLabel Branch 06,WhiteLabel,CNS-015,Mayank Shah,+919783543540,Education Fair,UK,Germany,PTE,Follow-up Stage,2026-08-08,Yes,"Detailed counseling given regarding loan options, visa requirements and university choices."
LEAD-10023,2026-08-01,No,N/A,Ishaan Sharma,+919242716010,student_10023@gmail.com,BR-WL-14,WhiteLabel Branch 14,WhiteLabel,CNS-004,Megha Trivedi,+919093349856,Meta Campaign,Germany,New Zealand,Duolingo,Follow-up Stage,2026-08-26,Yes,Discussed Germany university intakes. Student evaluating budget.
LEAD-10024,2026-08-01,No,N/A,Ishaan Rathod,+919289374120,student_10024@gmail.com,BR-WL-01,WhiteLabel Branch 01,WhiteLabel,CNS-016,Karan Patel,+919990307112,Education Fair,New Zealand,Canada,PTE,Inquiry,2026-08-26,No,
LEAD-10025,2026-08-01,No,N/A,Myra Rathod,+918732788374,student_10025@gmail.com,BR-OFF-09,Official Branch 09,Official,CNS-002,Priya Sharma,+919239670711,Walk-in,New Zealand,Australia,IELTS,Inquiry,2026-08-16,No,
LEAD-10026,2026-08-01,No,N/A,Harsh Gupta,+919518933756,student_10026@gmail.com,BR-OFF-15,Official Branch 15,Official,CNS-020,Vikram Joshi,+919085675980,Walk-in,UK,New Zealand,No,Inquiry,2026-08-16,No,
LEAD-10027,2026-08-01,No,N/A,Aadhya Trivedi,+918576375035,student_10027@gmail.com,BR-WL-01,WhiteLabel Branch 01,WhiteLabel,CNS-042,Alok Rathod,+919068212356,Google Ads,New Zealand,Canada,PTE,Follow-up Stage,2026-08-08,Yes,"Detailed counseling given regarding loan options, visa requirements and university choices."
LEAD-10028,2026-08-01,Yes,2026-06-27,Neha Rathod,+917111225158,student_repeat_20@gmail.com,BR-WL-11,WhiteLabel Branch 11,WhiteLabel,CNS-063,Alok Sharma,+919997413271,Google Ads,USA,Australia,PTE,Application Started,2026-08-26,Yes,Discussed USA university intakes. Student evaluating budget.
LEAD-10029,2026-08-01,No,N/A,Reyansh Sharma,+918518308168,student_10029@gmail.com,BR-OFF-19,Official Branch 19,Official,CNS-093,Gaurav Mehta,+919203901283,Walk-in,Australia,Ireland,GRE,Follow-up Stage,2026-08-26,Yes,Spoke with student. Student stated financial issue and dropped abroad plan.
LEAD-10030,2026-08-01,No,N/A,Aarav Sharma,+918631866098,student_10030@gmail.com,BR-WL-26,WhiteLabel Branch 26,WhiteLabel,CNS-029,Vikram Chauhan,+919348195935,Walk-in,Ireland,UK,PTE,Follow-up Stage,2026-08-16,Yes,Spoke with student. Student stated financial issue and dropped abroad plan.
LEAD-10031,2026-08-01,No,N/A,Saanvi Verma,+919601884147,student_10031@gmail.com,BR-OFF-03,Official Branch 03,Official,CNS-071,Rahul Sharma,+919072370545,Meta Campaign,USA,New Zealand,Duolingo,Follow-up Stage,2026-08-16,Yes,Discussed USA university intakes. Student evaluating budget.
LEAD-10032,2026-08-01,Yes,2026-06-02,Aadhya Singh,+917010382761,student_repeat_34@gmail.com,BR-OFF-12,Official Branch 12,Official,CNS-098,Preeti Patel,+919914122100,Referral,UK,USA,GRE,Follow-up Stage,2026-08-16,Yes,Spoke with student. Student stated financial issue and dropped abroad plan.
LEAD-10033,2026-08-01,No,N/A,Harsh Mehta,+918636184435,student_10033@gmail.com,BR-OFF-03,Official Branch 03,Official,CNS-030,Monika Shah,+919245938494,Meta Campaign,UK,Australia,IELTS,Follow-up Stage,2026-08-08,Yes,Spoke with student. Student stated financial issue and dropped abroad plan.
LEAD-10034,2026-08-01,Yes,2026-06-15,Rohan Trivedi,+917606907788,student_repeat_3@gmail.com,BR-OFF-24,Official Branch 24,Official,CNS-038,Megha Rathod,+919428853029,Referral,UK,New Zealand,Duolingo,Application Started,2026-08-08,Yes,Discussed UK university intakes. Student evaluating budget.
LEAD-10035,2026-08-01,No,N/A,Sai Patel,+918542193200,student_10035@gmail.com,BR-WL-15,WhiteLabel Branch 15,WhiteLabel,CNS-062,Rohan Joshi,+919566585408,Website Form,New Zealand,Canada,Duolingo,Inquiry,2026-08-26,No,
LEAD-10036,2026-08-01,No,N/A,Vivaan Shah,+918320399365,student_10036@gmail.com,BR-WL-08,WhiteLabel Branch 08,WhiteLabel,CNS-073,Vikram Joshi,+919718309417,Meta Campaign,Canada,USA,IELTS,Inquiry,2026-08-16,No,
LEAD-10037,2026-08-01,No,N/A,Simran Trivedi,+918484659429,student_10037@gmail.com,BR-OFF-08,Official Branch 08,Official,CNS-100,Sachin Sharma,+919433550699,Education Fair,Australia,Germany,Duolingo,Application Started,2026-08-26,Yes,Discussed Australia university intakes. Student evaluating budget.
LEAD-10038,2026-08-01,No,N/A,Vihaan Mehta,+919343283301,student_10038@gmail.com,BR-WL-12,WhiteLabel Branch 12,WhiteLabel,CNS-028,Pankaj Chauhan,+919738908273,Meta Campaign,Ireland,Canada,GRE,Follow-up Stage,2026-08-26,Yes,Discussed Ireland university intakes. Student evaluating budget.
LEAD-10039,2026-08-01,No,N/A,Prisha Gupta,+918625474568,student_10039@gmail.com,BR-OFF-06,Official Branch 06,Official,CNS-005,Alok Shah,+919031994523,Google Ads,USA,New Zealand,PTE,Dropped,2026-08-16,Yes,Spoke with student. Student stated financial issue and dropped abroad plan.
LEAD-10040,2026-08-01,No,N/A,Neha Desai,+919691847804,student_10040@gmail.com,BR-OFF-07,Official Branch 07,Official,CNS-081,Neha Bhatt,+919364323393,Education Fair,Ireland,UK,Duolingo,Follow-up Stage,2026-08-08,Yes,Discussed Ireland university intakes. Student evaluating budget.
LEAD-10041,2026-08-01,Yes,2026-06-27,Rohan Trivedi,+917606907788,student_repeat_3@gmail.com,BR-OFF-08,Official Branch 08,Official,CNS-040,Sneha Shah,+919924602213,Education Fair,Ireland,Germany,PTE,Inquiry,2026-08-16,No,
LEAD-10042,2026-08-01,No,N/A,Meera Verma,+918584644242,student_10042@gmail.com,BR-WL-19,WhiteLabel Branch 19,WhiteLabel,CNS-065,Deepa Joshi,+919428414718,Education Fair,Australia,Germany,IELTS,Inquiry,2026-08-16,No,
LEAD-10043,2026-08-01,No,N/A,Prisha Desai,+918055544440,student_10043@gmail.com,BR-OFF-22,Official Branch 22,Official,CNS-012,Kavita Sharma,+919819795579,Google Ads,Ireland,Germany,No,Inquiry,2026-08-26,No,
LEAD-10044,2026-08-01,Yes,2026-06-27,Aadhya Patel,+917192587044,student_repeat_48@gmail.com,BR-WL-12,WhiteLabel Branch 12,WhiteLabel,CNS-061,Kavita Chauhan,+919510330567,Education Fair,Ireland,Australia,PTE,Dropped,2026-08-26,Yes,None
LEAD-10045,2026-08-01,No,N/A,Aadhya Joshi,+918689467358,student_10045@gmail.com,BR-OFF-01,Official Branch 01,Official,CNS-086,Bhavna Trivedi,+919897677788,Website Form,New Zealand,UK,PTE,Inquiry,2026-08-16,No,
LEAD-10046,2026-08-01,No,N/A,Ananya Singh,+918078806495,student_10046@gmail.com,BR-OFF-05,Official Branch 05,Official,CNS-059,Rajesh Gupta,+919876198296,Website Form,USA,Australia,PTE,Dropped,2026-08-16,Yes,None
LEAD-10047,2026-08-01,No,N/A,Pari Verma,+918116402387,student_10047@gmail.com,BR-WL-17,WhiteLabel Branch 17,WhiteLabel,CNS-025,Bhavna Patel,+919654049436,Education Fair,USA,Ireland,Duolingo,Dropped,2026-08-08,Yes,Spoke with student. Student stated financial issue and dropped abroad plan.
LEAD-10048,2026-08-01,No,N/A,Arjun Desai,+918940847139,student_10048@gmail.com,BR-WL-06,WhiteLabel Branch 06,WhiteLabel,CNS-090,Pooja Desai,+919284759615,Walk-in,Canada,UK,No,Follow-up Stage,2026-08-26,Yes,"Detailed counseling given regarding loan options, visa requirements and university choices."
LEAD-10049,2026-08-01,Yes,2026-06-30,Rohan Rathod,+917915808162,student_repeat_26@gmail.com,BR-WL-26,WhiteLabel Branch 26,WhiteLabel,CNS-029,Vikram Chauhan,+919348195935,Website Form,Australia,Canada,GRE,Inquiry,2026-08-26,No,
LEAD-10050,2026-08-01,No,N/A,Meera Desai,+918892258709,student_10050@gmail.com,BR-WL-15,WhiteLabel Branch 15,WhiteLabel,CNS-062,Rohan Joshi,+919566585408,Walk-in,UK,Germany,No,Dropped,2026-08-08,Yes,Competitor Joined
LEAD-10051,2026-08-01,Yes,2026-06-07,Pooja Joshi,+917840081098,student_repeat_49@gmail.com,BR-WL-10,WhiteLabel Branch 10,WhiteLabel,CNS-054,Rohan Trivedi,+919836043811,Meta Campaign,New Zealand,Germany,PTE,Follow-up Stage,2026-08-16,Yes,"Detailed counseling given regarding loan options, visa requirements and university choices."
LEAD-10052,2026-08-01,Yes,2026-06-17,Aadhya Singh,+917010382761,student_repeat_34@gmail.com,BR-WL-20,WhiteLabel Branch 20,WhiteLabel,CNS-045,Harish Bhatt,+919122998994,Meta Campaign,Germany,Ireland,Duolingo,Inquiry,2026-08-16,No,
LEAD-10053,2026-08-01,No,N/A,Meera Mehta,+919227926094,student_10053@gmail.com,BR-OFF-12,Official Branch 12,Official,CNS-050,Priya Trivedi,+919818150683,Google Ads,New Zealand,Australia,IELTS,Application Started,2026-08-16,Yes,Discussed New Zealand university intakes. Student evaluating budget.
LEAD-10054,2026-08-01,No,N/A,Daxesh Shah,+919063710167,student_10054@gmail.com,BR-OFF-06,Official Branch 06,Official,CNS-005,Alok Shah,+919031994523,Google Ads,Germany,Ireland,PTE,Follow-up Stage,2026-08-16,Yes,"Detailed counseling given regarding loan options, visa requirements and university choices."
LEAD-10055,2026-08-01,No,N/A,Pooja Shah,+918880422375,student_10055@gmail.com,BR-OFF-05,Official Branch 05,Official,CNS-084,Priya Gupta,+919268227631,Google Ads,Canada,Germany,PTE,Dropped,2026-08-26,Yes,Financial Issue
LEAD-10056,2026-08-01,No,N/A,Riya Verma,+918680024649,student_10056@gmail.com,BR-OFF-07,Official Branch 07,Official,CNS-081,Neha Bhatt,+919364323393,Referral,New Zealand,Australia,No,Dropped,2026-08-08,Yes,Competitor Joined
LEAD-10057,2026-08-01,No,N/A,Aadhya Sharma,+919632881476,student_10057@gmail.com,BR-WL-11,WhiteLabel Branch 11,WhiteLabel,CNS-082,Vikram Sharma,+919204235259,Referral,New Zealand,Canada,Duolingo,Follow-up Stage,2026-08-16,Yes,Discussed New Zealand university intakes. Student evaluating budget.
LEAD-10058,2026-08-01,No,N/A,Ishaan Joshi,+918804965109,student_10058@gmail.com,BR-OFF-24,Official Branch 24,Official,CNS-056,Gaurav Shah,+919120117054,Google Ads,UK,Ireland,Duolingo,Inquiry,2026-08-08,No,
LEAD-10059,2026-08-01,No,N/A,Aditya Trivedi,+919870113799,student_10059@gmail.com,BR-WL-23,WhiteLabel Branch 23,WhiteLabel,CNS-049,Pooja Bhatt,+919940439931,Education Fair,Ireland,UK,Duolingo,Inquiry,2026-08-08,No,
LEAD-10060,2026-08-01,No,N/A,Krishna Rathod,+918020180825,student_10060@gmail.com,BR-OFF-09,Official Branch 09,Official,CNS-060,Monika Trivedi,+919822308461,Meta Campaign,Ireland,Germany,GRE,Application Started,2026-08-16,Yes,Discussed Ireland university intakes. Student evaluating budget.
LEAD-10061,2026-08-01,No,N/A,Deep Desai,+918427815242,student_10061@gmail.com,BR-OFF-12,Official Branch 12,Official,CNS-050,Priya Trivedi,+919818150683,Walk-in,Canada,USA,Duolingo,Inquiry,2026-08-26,No,
LEAD-10062,2026-08-01,No,N/A,Meera Desai,+918047114926,student_10062@gmail.com,BR-OFF-04,Official Branch 04,Official,CNS-085,Swati Trivedi,+919105128697,Walk-in,USA,Canada,No,Follow-up Stage,2026-08-26,Yes,"Detailed counseling given regarding loan options, visa requirements and university choices."
LEAD-10063,2026-08-01,No,N/A,Ishaan Mehta,+919303662148,student_10063@gmail.com,BR-OFF-18,Official Branch 18,Official,CNS-046,Megha Trivedi,+919806248900,Google Ads,Ireland,UK,No,Dropped,2026-08-26,Yes,Competitor Joined
LEAD-10064,2026-08-01,Yes,2026-06-12,Saanvi Patel,+917965212976,student_repeat_40@gmail.com,BR-WL-15,WhiteLabel Branch 15,WhiteLabel,CNS-006,Anjali Sharma,+919542621108,Meta Campaign,New Zealand,Australia,IELTS,Inquiry,2026-08-26,No,
LEAD-10065,2026-08-01,Yes,2026-06-22,Daxesh Singh,+917008399996,student_repeat_18@gmail.com,BR-WL-07,WhiteLabel Branch 07,WhiteLabel,CNS-096,Rahul Shah,+919627255918,Walk-in,UK,USA,GRE,Follow-up Stage,2026-08-16,Yes,"Detailed counseling given regarding loan options, visa requirements and university choices."
LEAD-10066,2026-08-01,No,N/A,Sai Desai,+919771007885,student_10066@gmail.com,BR-WL-15,WhiteLabel Branch 15,WhiteLabel,CNS-062,Rohan Joshi,+919566585408,Meta Campaign,Ireland,USA,IELTS,Inquiry,2026-08-08,No,
LEAD-10067,2026-08-01,Yes,2026-06-05,Aditya Mehta,+917396776692,student_repeat_14@gmail.com,BR-WL-03,WhiteLabel Branch 03,WhiteLabel,CNS-087,Sneha Sharma,+919178575192,Referral,Ireland,Australia,No,Application Started,2026-08-16,Yes,Discussed Ireland university intakes. Student evaluating budget.
LEAD-10068,2026-08-01,No,N/A,Rohan Rathod,+918562987343,student_10068@gmail.com,BR-WL-07,WhiteLabel Branch 07,WhiteLabel,CNS-075,Pankaj Rathod,+919618702544,Walk-in,New Zealand,Ireland,PTE,Follow-up Stage,2026-08-08,Yes,Discussed New Zealand university intakes. Student evaluating budget.
LEAD-10069,2026-08-01,No,N/A,Ayaan Rathod,+918135757554,student_10069@gmail.com,BR-WL-11,WhiteLabel Branch 11,WhiteLabel,CNS-082,Vikram Sharma,+919204235259,Walk-in,Ireland,USA,Duolingo,Application Started,2026-08-08,Yes,Discussed Ireland university intakes. Student evaluating budget.
LEAD-10070,2026-08-01,Yes,2026-06-28,Aadhya Singh,+917010382761,student_repeat_34@gmail.com,BR-OFF-12,Official Branch 12,Official,CNS-050,Priya Trivedi,+919818150683,Walk-in,USA,New Zealand,No,Inquiry,2026-08-26,No,
LEAD-10071,2026-08-01,No,N/A,Jignesh Verma,+919406434075,student_10071@gmail.com,BR-OFF-07,Official Branch 07,Official,CNS-013,Amit Patel,+919407943839,Walk-in,Germany,Australia,PTE,Application Started,2026-08-16,Yes,Discussed Germany university intakes. Student evaluating budget.
LEAD-10072,2026-08-01,No,N/A,Vihaan Rathod,+918788845815,student_10072@gmail.com,BR-WL-17,WhiteLabel Branch 17,WhiteLabel,CNS-070,Pooja Patel,+919760038427,Referral,USA,Canada,Duolingo,Application Started,2026-08-08,Yes,Discussed USA university intakes. Student evaluating budget.
LEAD-10073,2026-08-01,No,N/A,Daxesh Trivedi,+918045864788,student_10073@gmail.com,BR-WL-22,WhiteLabel Branch 22,WhiteLabel,CNS-007,Pooja Trivedi,+919213500298,Meta Campaign,UK,USA,No,Dropped,2026-08-26,Yes,Dropped Plan
LEAD-10074,2026-08-01,No,N/A,Simran Trivedi,+918006089297,student_10074@gmail.com,BR-WL-11,WhiteLabel Branch 11,WhiteLabel,CNS-036,Vikram Bhatt,+919602764446,Google Ads,UK,Ireland,PTE,Follow-up Stage,2026-08-08,Yes,"Detailed counseling given regarding loan options, visa requirements and university choices."
LEAD-10075,2026-08-01,No,N/A,Simran Mehta,+919264552021,student_10075@gmail.com,BR-WL-01,WhiteLabel Branch 01,WhiteLabel,CNS-042,Alok Rathod,+919068212356,Website Form,UK,Australia,IELTS,Follow-up Stage,2026-08-16,Yes,Discussed UK university intakes. Student evaluating budget.
LEAD-10076,2026-08-01,No,N/A,Saanvi Singh,+919274888066,student_10076@gmail.com,BR-OFF-17,Official Branch 17,Official,CNS-014,Sanjay Verma,+919648245888,Walk-in,Germany,UK,No,Application Started,2026-08-26,Yes,Discussed Germany university intakes. Student evaluating budget.
LEAD-10077,2026-08-01,No,N/A,Vivaan Gupta,+919819559773,student_10077@gmail.com,BR-WL-15,WhiteLabel Branch 15,WhiteLabel,CNS-052,Manish Chauhan,+919545098869,Walk-in,Ireland,Canada,Duolingo,Dropped,2026-08-16,Yes,Spoke with student. Student stated financial issue and dropped abroad plan.
LEAD-10078,2026-08-01,No,N/A,Diya Trivedi,+918318544479,student_10078@gmail.com,BR-OFF-18,Official Branch 18,Official,CNS-009,Vikram Gupta,+919632719211,Google Ads,USA,Ireland,No,Inquiry,2026-08-16,No,
LEAD-10079,2026-08-01,No,N/A,Prisha Singh,+918633288094,student_10079@gmail.com,BR-OFF-05,Official Branch 05,Official,CNS-059,Rajesh Gupta,+919876198296,Education Fair,Germany,Australia,IELTS,Follow-up Stage,2026-08-08,Yes,"Detailed counseling given regarding loan options, visa requirements and university choices."
LEAD-10080,2026-08-01,No,N/A,Aadhya Gupta,+918490686218,student_10080@gmail.com,BR-WL-25,WhiteLabel Branch 25,WhiteLabel,CNS-053,Anjali Mehta,+919401486939,Meta Campaign,New Zealand,Australia,Duolingo,Inquiry,2026-08-08,No,
LEAD-10081,2026-08-01,No,N/A,Diya Rathod,+918547371670,student_10081@gmail.com,BR-WL-06,WhiteLabel Branch 06,WhiteLabel,CNS-048,Manish Desai,+919169820594,Google Ads,Ireland,Australia,IELTS,Application Started,2026-08-08,Yes,Discussed Ireland university intakes. Student evaluating budget.
LEAD-10082,2026-08-01,No,N/A,Simran Shah,+919194797057,student_10082@gmail.com,BR-WL-03,WhiteLabel Branch 03,WhiteLabel,CNS-008,Bhavna Bhatt,+919585126461,Education Fair,Germany,Ireland,PTE,Follow-up Stage,2026-08-16,Yes,Spoke with student. Student stated financial issue and dropped abroad plan.
LEAD-10083,2026-08-01,No,N/A,Karan Verma,+919864213687,student_10083@gmail.com,BR-OFF-19,Official Branch 19,Official,CNS-093,Gaurav Mehta,+919203901283,Website Form,USA,Ireland,PTE,Follow-up Stage,2026-08-26,Yes,Discussed USA university intakes. Student evaluating budget.
LEAD-10084,2026-08-01,No,N/A,Deep Sharma,+918751864071,student_10084@gmail.com,BR-WL-09,WhiteLabel Branch 09,WhiteLabel,CNS-072,Sachin Verma,+919076082500,Meta Campaign,Canada,Australia,No,Dropped,2026-08-16,Yes,None
LEAD-10085,2026-08-01,No,N/A,Rohan Desai,+918062176491,student_10085@gmail.com,BR-WL-20,WhiteLabel Branch 20,WhiteLabel,CNS-024,Harish Joshi,+919753573823,Meta Campaign,Ireland,USA,PTE,Follow-up Stage,2026-08-08,Yes,Discussed Ireland university intakes. Student evaluating budget.
LEAD-10086,2026-08-01,Yes,2026-07-02,Saanvi Patel,+917965212976,student_repeat_40@gmail.com,BR-OFF-22,Official Branch 22,Official,CNS-012,Kavita Sharma,+919819795579,Referral,Germany,UK,Duolingo,Inquiry,2026-08-16,No,
LEAD-10087,2026-08-01,No,N/A,Ishaan Joshi,+919668241784,student_10087@gmail.com,BR-WL-08,WhiteLabel Branch 08,WhiteLabel,CNS-073,Vikram Joshi,+919718309417,Education Fair,Canada,UK,GRE,Dropped,2026-08-26,Yes,Financial Issue
LEAD-10088,2026-08-01,No,N/A,Chiara Trivedi,+918949282659,student_10088@gmail.com,BR-WL-10,WhiteLabel Branch 10,WhiteLabel,CNS-054,Rohan Trivedi,+919836043811,Meta Campaign,UK,Ireland,IELTS,Dropped,2026-08-08,Yes,Competitor Joined
LEAD-10089,2026-08-01,No,N/A,Vivaan Mehta,+918848821668,student_10089@gmail.com,BR-WL-19,WhiteLabel Branch 19,WhiteLabel,CNS-077,Anjali Patel,+919104078666,Website Form,Canada,USA,PTE,Inquiry,2026-08-08,No,
LEAD-10090,2026-08-01,No,N/A,Aarav Gupta,+919604200608,student_10090@gmail.com,BR-OFF-24,Official Branch 24,Official,CNS-056,Gaurav Shah,+919120117054,Google Ads,UK,Germany,No,Follow-up Stage,2026-08-26,Yes,Spoke with student. Student stated financial issue and dropped abroad plan.
LEAD-10091,2026-08-01,Yes,2026-07-01,Sai Shah,+917946413444,student_repeat_47@gmail.com,BR-OFF-24,Official Branch 24,Official,CNS-056,Gaurav Shah,+919120117054,Website Form,Australia,Canada,PTE,Inquiry,2026-08-26,No,
LEAD-10092,2026-08-01,No,N/A,Daxesh Verma,+918621729177,student_10092@gmail.com,BR-WL-06,WhiteLabel Branch 06,WhiteLabel,CNS-015,Mayank Shah,+919783543540,Walk-in,Canada,Australia,GRE,Follow-up Stage,2026-08-26,Yes,"Detailed counseling given regarding loan options, visa requirements and university choices."
LEAD-10093,2026-08-01,No,N/A,Vihaan Mehta,+918935608212,student_10093@gmail.com,BR-WL-03,WhiteLabel Branch 03,WhiteLabel,CNS-076,Vikram Gupta,+919867043303,Walk-in,Germany,Canada,Duolingo,Follow-up Stage,2026-08-26,Yes,"Detailed counseling given regarding loan options, visa requirements and university choices."
LEAD-10094,2026-08-01,No,N/A,Aditya Singh,+919359839619,student_10094@gmail.com,BR-WL-06,WhiteLabel Branch 06,WhiteLabel,CNS-015,Mayank Shah,+919783543540,Education Fair,Germany,UK,PTE,Follow-up Stage,2026-08-26,Yes,Discussed Germany university intakes. Student evaluating budget.
LEAD-10095,2026-08-01,Yes,2026-06-27,Reyansh Singh,+917284756779,student_repeat_12@gmail.com,BR-WL-03,WhiteLabel Branch 03,WhiteLabel,CNS-078,Alok Verma,+919454814084,Google Ads,New Zealand,Ireland,IELTS,Application Started,2026-08-26,Yes,Discussed New Zealand university intakes. Student evaluating budget.
LEAD-10096,2026-08-01,No,N/A,Avani Rathod,+919364292751,student_10096@gmail.com,BR-OFF-04,Official Branch 04,Official,CNS-080,Bhavna Chauhan,+919105675387,Meta Campaign,New Zealand,Ireland,PTE,Application Started,2026-08-08,Yes,Discussed New Zealand university intakes. Student evaluating budget.
LEAD-10097,2026-08-01,No,N/A,Vivaan Joshi,+919089497668,student_10097@gmail.com,BR-OFF-11,Official Branch 11,Official,CNS-010,Mayank Shah,+919814763202,Meta Campaign,Australia,Germany,IELTS,Dropped,2026-08-16,Yes,None
LEAD-10098,2026-08-01,No,N/A,Ananya Gupta,+919246247905,student_10098@gmail.com,BR-OFF-03,Official Branch 03,Official,CNS-071,Rahul Sharma,+919072370545,Referral,Canada,Germany,No,Follow-up Stage,2026-08-16,Yes,Spoke with student. Student stated financial issue and dropped abroad plan.
LEAD-10099,2026-08-01,No,N/A,Vivaan Gupta,+918222268589,student_10099@gmail.com,BR-OFF-01,Official Branch 01,Official,CNS-044,Priya Trivedi,+919924255163,Referral,Canada,Ireland,GRE,Application Started,2026-08-26,Yes,Discussed Canada university intakes. Student evaluating budget.
LEAD-10100,2026-08-01,No,N/A,Saanvi Joshi,+918607509343,student_10100@gmail.com,BR-OFF-12,Official Branch 12,Official,CNS-050,Priya Trivedi,+919818150683,Walk-in,New Zealand,USA,No,Application Started,2026-08-26,Yes,Discussed New Zealand university intakes. Student evaluating budget.
LEAD-10101,2026-08-01,Yes,2026-06-20,Saanvi Singh,+917949332407,student_repeat_43@gmail.com,BR-WL-04,WhiteLabel Branch 04,WhiteLabel,CNS-037,Priya Bhatt,+919627694430,Meta Campaign,Ireland,New Zealand,No,Follow-up Stage,2026-08-16,Yes,"Detailed counseling given regarding loan options, visa requirements and university choices."
LEAD-10102,2026-08-01,No,N/A,Daxesh Rathod,+918841723362,student_10102@gmail.com,BR-WL-17,WhiteLabel Branch 17,WhiteLabel,CNS-017,Sneha Trivedi,+919314797776,Education Fair,Ireland,Canada,PTE,Inquiry,2026-08-26,No,
LEAD-10103,2026-08-01,No,N/A,Harsh Shah,+919439064011,student_10103@gmail.com,BR-WL-06,WhiteLabel Branch 06,WhiteLabel,CNS-090,Pooja Desai,+919284759615,Referral,Ireland,Germany,IELTS,Follow-up Stage,2026-08-16,Yes,Spoke with student. Student stated financial issue and dropped abroad plan.
LEAD-10104,2026-08-01,Yes,2026-06-27,Rohan Singh,+917321455482,student_repeat_19@gmail.com,BR-WL-12,WhiteLabel Branch 12,WhiteLabel,CNS-028,Pankaj Chauhan,+919738908273,Meta Campaign,New Zealand,Australia,GRE,Follow-up Stage,2026-08-08,Yes,Discussed New Zealand university intakes. Student evaluating budget.
LEAD-10105,2026-08-01,No,N/A,Myra Singh,+919793406165,student_10105@gmail.com,BR-OFF-21,Official Branch 21,Official,CNS-095,Karan Shah,+919803132646,Education Fair,Canada,New Zealand,PTE,Follow-up Stage,2026-08-26,Yes,"Detailed counseling given regarding loan options, visa requirements and university choices."
LEAD-10106,2026-08-01,No,N/A,Harsh Trivedi,+919737408157,student_10106@gmail.com,BR-OFF-24,Official Branch 24,Official,CNS-022,Swati Chauhan,+919895619255,Referral,Australia,Canada,Duolingo,Application Started,2026-08-26,Yes,Discussed Australia university intakes. Student evaluating budget.
LEAD-10107,2026-08-01,No,N/A,Pari Mehta,+919146780218,student_10107@gmail.com,BR-OFF-18,Official Branch 18,Official,CNS-031,Mayank Verma,+919430747414,Meta Campaign,New Zealand,Australia,GRE,Application Started,2026-08-26,Yes,Discussed New Zealand university intakes. Student evaluating budget.
LEAD-10108,2026-08-01,No,N/A,Myra Verma,+918348017279,student_10108@gmail.com,BR-OFF-16,Official Branch 16,Official,CNS-026,Rohan Trivedi,+919782893941,Education Fair,UK,Australia,IELTS,Dropped,2026-08-16,Yes,Spoke with student. Student stated financial issue and dropped abroad plan.
LEAD-10109,2026-08-01,No,N/A,Myra Sharma,+918612168168,student_10109@gmail.com,BR-OFF-18,Official Branch 18,Official,CNS-011,Deepa Desai,+919365341213,Google Ads,USA,Germany,No,Follow-up Stage,2026-08-16,Yes,Discussed USA university intakes. Student evaluating budget.
LEAD-10110,2026-08-01,No,N/A,Aarav Verma,+918114368302,student_10110@gmail.com,BR-WL-17,WhiteLabel Branch 17,WhiteLabel,CNS-051,Preeti Patel,+919934712197,Education Fair,USA,UK,Duolingo,Inquiry,2026-08-16,No,
LEAD-10111,2026-08-01,No,N/A,Harsh Rathod,+918720030551,student_10111@gmail.com,BR-WL-19,WhiteLabel Branch 19,WhiteLabel,CNS-019,Deepa Patel,+919049203558,Google Ads,Canada,Australia,Duolingo,Follow-up Stage,2026-08-08,Yes,Spoke with student. Student stated financial issue and dropped abroad plan.
LEAD-10112,2026-08-01,No,N/A,Aarav Sharma,+918040810538,student_10112@gmail.com,BR-OFF-14,Official Branch 14,Official,CNS-033,Megha Bhatt,+919337882805,Google Ads,New Zealand,UK,No,Inquiry,2026-08-26,No,
LEAD-10113,2026-08-01,No,N/A,Ayaan Desai,+918261667330,student_10113@gmail.com,BR-WL-22,WhiteLabel Branch 22,WhiteLabel,CNS-007,Pooja Trivedi,+919213500298,Google Ads,Australia,New Zealand,No,Inquiry,2026-08-08,No,
LEAD-10114,2026-08-01,No,N/A,Chiara Trivedi,+919151166745,student_10114@gmail.com,BR-WL-24,WhiteLabel Branch 24,WhiteLabel,CNS-003,Rajesh Patel,+919726600539,Referral,Germany,Ireland,GRE,Follow-up Stage,2026-08-16,Yes,Spoke with student. Student stated financial issue and dropped abroad plan.
LEAD-10115,2026-08-01,Yes,2026-06-25,Vihaan Sharma,+917797163846,student_repeat_22@gmail.com,BR-WL-23,WhiteLabel Branch 23,WhiteLabel,CNS-074,Anjali Trivedi,+919142068763,Walk-in,UK,New Zealand,IELTS,Inquiry,2026-08-16,No,
LEAD-10116,2026-08-01,Yes,2026-06-15,Pari Singh,+917757704655,student_repeat_33@gmail.com,BR-WL-19,WhiteLabel Branch 19,WhiteLabel,CNS-065,Deepa Joshi,+919428414718,Education Fair,Germany,Canada,Duolingo,Follow-up Stage,2026-08-08,Yes,"Detailed counseling given regarding loan options, visa requirements and university choices."
LEAD-10117,2026-08-01,No,N/A,Aarav Joshi,+919693333852,student_10117@gmail.com,BR-OFF-18,Official Branch 18,Official,CNS-009,Vikram Gupta,+919632719211,Meta Campaign,UK,New Zealand,IELTS,Follow-up Stage,2026-08-26,Yes,"Detailed counseling given regarding loan options, visa requirements and university choices."
LEAD-10118,2026-08-01,No,N/A,Diya Rathod,+918376001026,student_10118@gmail.com,BR-OFF-08,Official Branch 08,Official,CNS-100,Sachin Sharma,+919433550699,Referral,Australia,New Zealand,Duolingo,Dropped,2026-08-08,Yes,Spoke with student. Student stated financial issue and dropped abroad plan.
LEAD-10119,2026-08-01,No,N/A,Pari Patel,+918630163133,student_10119@gmail.com,BR-OFF-16,Official Branch 16,Official,CNS-026,Rohan Trivedi,+919782893941,Website Form,New Zealand,UK,IELTS,Application Started,2026-08-16,Yes,Discussed New Zealand university intakes. Student evaluating budget.
LEAD-10120,2026-08-01,No,N/A,Karan Rathod,+918410391499,student_10120@gmail.com,BR-WL-04,WhiteLabel Branch 04,WhiteLabel,CNS-037,Priya Bhatt,+919627694430,Meta Campaign,New Zealand,Canada,PTE,Application Started,2026-08-16,Yes,Discussed New Zealand university intakes. Student evaluating budget.
LEAD-10121,2026-08-01,No,N/A,Diya Shah,+919065588316,student_10121@gmail.com,BR-WL-01,WhiteLabel Branch 01,WhiteLabel,CNS-089,Megha Shah,+919176777762,Walk-in,USA,Ireland,PTE,Follow-up Stage,2026-08-26,Yes,"Detailed counseling given regarding loan options, visa requirements and university choices."
LEAD-10122,2026-08-01,No,N/A,Harsh Shah,+919171397350,student_10122@gmail.com,BR-OFF-24,Official Branch 24,Official,CNS-038,Megha Rathod,+919428853029,Meta Campaign,Canada,UK,PTE,Follow-up Stage,2026-08-16,Yes,Spoke with student. Student stated financial issue and dropped abroad plan.
LEAD-10123,2026-08-01,No,N/A,Aadhya Shah,+919481258645,student_10123@gmail.com,BR-OFF-04,Official Branch 04,Official,CNS-057,Megha Joshi,+919257109965,Meta Campaign,Australia,Canada,PTE,Follow-up Stage,2026-08-16,Yes,Spoke with student. Student stated financial issue and dropped abroad plan.
LEAD-10124,2026-08-01,No,N/A,Simran Patel,+918161149677,student_10124@gmail.com,BR-OFF-01,Official Branch 01,Official,CNS-086,Bhavna Trivedi,+919897677788,Referral,Australia,USA,No,Follow-up Stage,2026-08-26,Yes,"Detailed counseling given regarding loan options, visa requirements and university choices."
LEAD-10125,2026-08-01,No,N/A,Rohan Gupta,+918074730219,student_10125@gmail.com,BR-WL-17,WhiteLabel Branch 17,WhiteLabel,CNS-017,Sneha Trivedi,+919314797776,Website Form,UK,New Zealand,PTE,Dropped,2026-08-26,Yes,Dropped Plan
LEAD-10126,2026-08-01,No,N/A,Karan Sharma,+919232487639,student_10126@gmail.com,BR-OFF-13,Official Branch 13,Official,CNS-018,Nikhil Verma,+919619927151,Education Fair,USA,Germany,PTE,Dropped,2026-08-08,Yes,Spoke with student. Student stated financial issue and dropped abroad plan.
LEAD-10127,2026-08-01,Yes,2026-06-17,Vihaan Sharma,+917577280546,student_repeat_11@gmail.com,BR-OFF-15,Official Branch 15,Official,CNS-067,Swati Patel,+919266186631,Walk-in,Germany,Canada,PTE,Follow-up Stage,2026-08-26,Yes,"Detailed counseling given regarding loan options, visa requirements and university choices."
LEAD-10128,2026-08-01,No,N/A,Neha Gupta,+918429879714,student_10128@gmail.com,BR-WL-01,WhiteLabel Branch 01,WhiteLabel,CNS-016,Karan Patel,+919990307112,Google Ads,New Zealand,Canada,Duolingo,Follow-up Stage,2026-08-26,Yes,Discussed New Zealand university intakes. Student evaluating budget.
LEAD-10129,2026-08-01,No,N/A,Aditya Singh,+919164304132,student_10129@gmail.com,BR-OFF-24,Official Branch 24,Official,CNS-038,Megha Rathod,+919428853029,Meta Campaign,New Zealand,UK,GRE,Follow-up Stage,2026-08-26,Yes,"Detailed counseling given regarding loan options, visa requirements and university choices."
LEAD-10130,2026-08-01,No,N/A,Ayaan Gupta,+918056444521,student_10130@gmail.com,BR-OFF-08,Official Branch 08,Official,CNS-047,Monika Chauhan,+919365260635,Education Fair,Germany,USA,Duolingo,Follow-up Stage,2026-08-26,Yes,"Detailed counseling given regarding loan options, visa requirements and university choices."
LEAD-10131,2026-08-01,No,N/A,Meera Gupta,+919128922830,student_10131@gmail.com,BR-WL-25,WhiteLabel Branch 25,WhiteLabel,CNS-053,Anjali Mehta,+919401486939,Walk-in,New Zealand,Germany,IELTS,Follow-up Stage,2026-08-16,Yes,Discussed New Zealand university intakes. Student evaluating budget.
LEAD-10132,2026-08-01,No,N/A,Saanvi Shah,+919885405071,student_10132@gmail.com,BR-OFF-08,Official Branch 08,Official,CNS-100,Sachin Sharma,+919433550699,Education Fair,Ireland,Germany,GRE,Follow-up Stage,2026-08-08,Yes,"Detailed counseling given regarding loan options, visa requirements and university choices."
LEAD-10133,2026-08-01,No,N/A,Harsh Sharma,+919112615862,student_10133@gmail.com,BR-OFF-15,Official Branch 15,Official,CNS-020,Vikram Joshi,+919085675980,Meta Campaign,UK,USA,PTE,Inquiry,2026-08-08,No,
LEAD-10134,2026-08-01,No,N/A,Aditya Desai,+918421555152,student_10134@gmail.com,BR-WL-11,WhiteLabel Branch 11,WhiteLabel,CNS-082,Vikram Sharma,+919204235259,Education Fair,USA,UK,PTE,Dropped,2026-08-08,Yes,Spoke with student. Student stated financial issue and dropped abroad plan.
LEAD-10135,2026-08-01,No,N/A,Avani Shah,+918367650534,student_10135@gmail.com,BR-OFF-04,Official Branch 04,Official,CNS-085,Swati Trivedi,+919105128697,Education Fair,Ireland,Germany,PTE,Follow-up Stage,2026-08-26,Yes,"Detailed counseling given regarding loan options, visa requirements and university choices."
LEAD-10136,2026-08-01,Yes,2026-06-08,Saanvi Mehta,+917732363533,student_repeat_41@gmail.com,BR-WL-23,WhiteLabel Branch 23,WhiteLabel,CNS-074,Anjali Trivedi,+919142068763,Meta Campaign,Ireland,UK,No,Inquiry,2026-08-26,No,
LEAD-10137,2026-08-01,Yes,2026-06-15,Saanvi Patel,+917965212976,student_repeat_40@gmail.com,BR-OFF-24,Official Branch 24,Official,CNS-038,Megha Rathod,+919428853029,Referral,USA,Germany,GRE,Follow-up Stage,2026-08-26,Yes,"Detailed counseling given regarding loan options, visa requirements and university choices."
LEAD-10138,2026-08-01,Yes,2026-06-27,Rohan Trivedi,+917606907788,student_repeat_3@gmail.com,BR-OFF-04,Official Branch 04,Official,CNS-057,Megha Joshi,+919257109965,Walk-in,Australia,Germany,GRE,Dropped,2026-08-08,Yes,Planning in India
LEAD-10139,2026-08-01,Yes,2026-06-16,Riya Shah,+917292431670,student_repeat_23@gmail.com,BR-WL-09,WhiteLabel Branch 09,WhiteLabel,CNS-072,Sachin Verma,+919076082500,Website Form,USA,UK,Duolingo,Follow-up Stage,2026-08-16,Yes,Discussed USA university intakes. Student evaluating budget.
LEAD-10140,2026-08-01,No,N/A,Ananya Trivedi,+918897937521,student_10140@gmail.com,BR-WL-13,WhiteLabel Branch 13,WhiteLabel,CNS-032,Sneha Sharma,+919980472440,Google Ads,New Zealand,USA,No,Dropped,2026-08-08,Yes,Spoke with student. Student stated financial issue and dropped abroad plan.
LEAD-10141,2026-08-01,No,N/A,Myra Gupta,+919071078308,student_10141@gmail.com,BR-OFF-08,Official Branch 08,Official,CNS-040,Sneha Shah,+919924602213,Walk-in,Canada,UK,Duolingo,Inquiry,2026-08-08,No,
LEAD-10142,2026-08-01,No,N/A,Saanvi Patel,+918108534694,student_10142@gmail.com,BR-WL-04,WhiteLabel Branch 04,WhiteLabel,CNS-037,Priya Bhatt,+919627694430,Walk-in,Germany,New Zealand,Duolingo,Follow-up Stage,2026-08-08,Yes,Discussed Germany university intakes. Student evaluating budget.
LEAD-10143,2026-08-01,No,N/A,Pooja Joshi,+919640369910,student_10143@gmail.com,BR-WL-15,WhiteLabel Branch 15,WhiteLabel,CNS-052,Manish Chauhan,+919545098869,Meta Campaign,Canada,Germany,IELTS,Inquiry,2026-08-08,No,
LEAD-10144,2026-08-01,No,N/A,Ishaan Sharma,+918829677779,student_10144@gmail.com,BR-WL-19,WhiteLabel Branch 19,WhiteLabel,CNS-065,Deepa Joshi,+919428414718,Walk-in,New Zealand,Germany,PTE,Follow-up Stage,2026-08-26,Yes,"Detailed counseling given regarding loan options, visa requirements and university choices."
LEAD-10145,2026-08-01,No,N/A,Ananya Joshi,+919707028788,student_10145@gmail.com,BR-OFF-01,Official Branch 01,Official,CNS-044,Priya Trivedi,+919924255163,Education Fair,USA,UK,GRE,Dropped,2026-08-16,Yes,Spoke with student. Student stated financial issue and dropped abroad plan.
LEAD-10146,2026-08-01,Yes,2026-06-10,Daxesh Desai,+917490941149,student_repeat_8@gmail.com,BR-WL-10,WhiteLabel Branch 10,WhiteLabel,CNS-043,Neha Rathod,+919502564736,Walk-in,Germany,Australia,GRE,Dropped,2026-08-26,Yes,Spoke with student. Student stated financial issue and dropped abroad plan.
LEAD-10147,2026-08-01,No,N/A,Prisha Joshi,+918348970487,student_10147@gmail.com,BR-WL-17,WhiteLabel Branch 17,WhiteLabel,CNS-051,Preeti Patel,+919934712197,Education Fair,Ireland,USA,No,Application Started,2026-08-26,Yes,Discussed Ireland university intakes. Student evaluating budget.
LEAD-10148,2026-08-01,No,N/A,Saanvi Joshi,+919446988222,student_10148@gmail.com,BR-WL-06,WhiteLabel Branch 06,WhiteLabel,CNS-015,Mayank Shah,+919783543540,Walk-in,Germany,USA,IELTS,Inquiry,2026-08-16,No,
LEAD-10149,2026-08-01,No,N/A,Simran Trivedi,+919240460419,student_10149@gmail.com,BR-OFF-03,Official Branch 03,Official,CNS-030,Monika Shah,+919245938494,Referral,Canada,Ireland,Duolingo,Dropped,2026-08-26,Yes,None
LEAD-10150,2026-08-01,No,N/A,Ayaan Patel,+919229585282,student_10150@gmail.com,BR-WL-06,WhiteLabel Branch 06,WhiteLabel,CNS-090,Pooja Desai,+919284759615,Website Form,UK,Canada,Duolingo,Dropped,2026-08-08,Yes,Dropped Plan
LEAD-10151,2026-08-01,No,N/A,Neha Gupta,+919874361749,student_10151@gmail.com,BR-OFF-21,Official Branch 21,Official,CNS-095,Karan Shah,+919803132646,Referral,Canada,New Zealand,GRE,Inquiry,2026-08-26,No,
LEAD-10152,2026-08-01,No,N/A,Rohan Gupta,+919128453589,student_10152@gmail.com,BR-WL-23,WhiteLabel Branch 23,WhiteLabel,CNS-049,Pooja Bhatt,+919940439931,Meta Campaign,UK,Germany,No,Dropped,2026-08-16,Yes,Competitor Joined
LEAD-10153,2026-08-01,No,N/A,Ayaan Desai,+919198481958,student_10153@gmail.com,BR-WL-08,WhiteLabel Branch 08,WhiteLabel,CNS-039,Vikram Mehta,+919547099690,Google Ads,USA,Australia,GRE,Follow-up Stage,2026-08-16,Yes,Spoke with student. Student stated financial issue and dropped abroad plan.
LEAD-10154,2026-08-01,No,N/A,Riya Desai,+918618022979,student_10154@gmail.com,BR-WL-01,WhiteLabel Branch 01,WhiteLabel,CNS-016,Karan Patel,+919990307112,Education Fair,Ireland,Germany,Duolingo,Follow-up Stage,2026-08-16,Yes,"Detailed counseling given regarding loan options, visa requirements and university choices."
LEAD-10155,2026-08-01,Yes,2026-06-30,Pooja Shah,+917994031334,student_repeat_45@gmail.com,BR-WL-20,WhiteLabel Branch 20,WhiteLabel,CNS-045,Harish Bhatt,+919122998994,Walk-in,Ireland,USA,Duolingo,Dropped,2026-08-26,Yes,Competitor Joined
LEAD-10156,2026-08-01,Yes,2026-06-14,Sai Shah,+917946413444,student_repeat_47@gmail.com,BR-OFF-18,Official Branch 18,Official,CNS-031,Mayank Verma,+919430747414,Google Ads,Canada,New Zealand,No,Follow-up Stage,2026-08-08,Yes,Discussed Canada university intakes. Student evaluating budget.
LEAD-10157,2026-08-01,No,N/A,Vihaan Rathod,+919655207508,student_10157@gmail.com,BR-OFF-13,Official Branch 13,Official,CNS-018,Nikhil Verma,+919619927151,Website Form,Germany,UK,Duolingo,Follow-up Stage,2026-08-16,Yes,Spoke with student. Student stated financial issue and dropped abroad plan.
LEAD-10158,2026-08-01,No,N/A,Karan Desai,+918689702393,student_10158@gmail.com,BR-WL-04,WhiteLabel Branch 04,WhiteLabel,CNS-037,Priya Bhatt,+919627694430,Referral,Canada,UK,No,Follow-up Stage,2026-08-26,Yes,Discussed Canada university intakes. Student evaluating budget.
LEAD-10159,2026-08-01,No,N/A,Sai Patel,+919795732688,student_10159@gmail.com,BR-WL-17,WhiteLabel Branch 17,WhiteLabel,CNS-051,Preeti Patel,+919934712197,Walk-in,UK,New Zealand,PTE,Follow-up Stage,2026-08-08,Yes,"Detailed counseling given regarding loan options, visa requirements and university choices."
LEAD-10160,2026-08-01,No,N/A,Ishaan Gupta,+919377207915,student_10160@gmail.com,BR-WL-17,WhiteLabel Branch 17,WhiteLabel,CNS-070,Pooja Patel,+919760038427,Education Fair,Australia,UK,No,Inquiry,2026-08-08,No,
LEAD-10161,2026-08-01,No,N/A,Diya Shah,+919570066595,student_10161@gmail.com,BR-OFF-05,Official Branch 05,Official,CNS-059,Rajesh Gupta,+919876198296,Referral,USA,New Zealand,GRE,Application Started,2026-08-16,Yes,Discussed USA university intakes. Student evaluating budget.
LEAD-10162,2026-08-01,No,N/A,Daxesh Verma,+919775947131,student_10162@gmail.com,BR-OFF-21,Official Branch 21,Official,CNS-055,Pankaj Shah,+919643111853,Education Fair,USA,Canada,Duolingo,Dropped,2026-08-08,Yes,Spoke with student. Student stated financial issue and dropped abroad plan.
LEAD-10163,2026-08-01,No,N/A,Neha Mehta,+918014667577,student_10163@gmail.com,BR-WL-18,WhiteLabel Branch 18,WhiteLabel,CNS-034,Bhavna Gupta,+919424806516,Walk-in,UK,Germany,PTE,Inquiry,2026-08-16,No,
LEAD-10164,2026-08-01,No,N/A,Meera Mehta,+918133410980,student_10164@gmail.com,BR-OFF-01,Official Branch 01,Official,CNS-086,Bhavna Trivedi,+919897677788,Website Form,Australia,USA,GRE,Inquiry,2026-08-26,No,
LEAD-10165,2026-08-01,No,N/A,Jignesh Desai,+919482387311,student_10165@gmail.com,BR-WL-01,WhiteLabel Branch 01,WhiteLabel,CNS-016,Karan Patel,+919990307112,Referral,USA,Australia,No,Follow-up Stage,2026-08-08,Yes,Discussed USA university intakes. Student evaluating budget.
LEAD-10166,2026-08-01,No,N/A,Saanvi Verma,+919507406235,student_10166@gmail.com,BR-OFF-03,Official Branch 03,Official,CNS-071,Rahul Sharma,+919072370545,Walk-in,New Zealand,Germany,GRE,Follow-up Stage,2026-08-26,Yes,"Detailed counseling given regarding loan options, visa requirements and university choices."
LEAD-10167,2026-08-01,No,N/A,Meera Joshi,+918167724308,student_10167@gmail.com,BR-WL-08,WhiteLabel Branch 08,WhiteLabel,CNS-073,Vikram Joshi,+919718309417,Website Form,Canada,Ireland,No,Follow-up Stage,2026-08-26,Yes,Discussed Canada university intakes. Student evaluating budget.
LEAD-10168,2026-08-01,No,N/A,Vihaan Rathod,+918441096335,student_10168@gmail.com,BR-WL-22,WhiteLabel Branch 22,WhiteLabel,CNS-092,Mayank Trivedi,+919710678904,Education Fair,Australia,Canada,No,Inquiry,2026-08-08,No,
LEAD-10169,2026-08-01,No,N/A,Myra Verma,+918980967255,student_10169@gmail.com,BR-WL-08,WhiteLabel Branch 08,WhiteLabel,CNS-073,Vikram Joshi,+919718309417,Website Form,Germany,Australia,PTE,Follow-up Stage,2026-08-16,Yes,Spoke with student. Student stated financial issue and dropped abroad plan.
LEAD-10170,2026-08-01,No,N/A,Pooja Mehta,+919241913985,student_10170@gmail.com,BR-OFF-11,Official Branch 11,Official,CNS-010,Mayank Shah,+919814763202,Website Form,Australia,USA,IELTS,Inquiry,2026-08-08,No,
LEAD-10171,2026-08-01,No,N/A,Aditya Gupta,+918068150126,student_10171@gmail.com,BR-WL-04,WhiteLabel Branch 04,WhiteLabel,CNS-037,Priya Bhatt,+919627694430,Walk-in,UK,USA,Duolingo,Application Started,2026-08-16,Yes,Discussed UK university intakes. Student evaluating budget.
LEAD-10172,2026-08-01,No,N/A,Rohan Singh,+918285593428,student_10172@gmail.com,BR-OFF-05,Official Branch 05,Official,CNS-084,Priya Gupta,+919268227631,Meta Campaign,Canada,USA,No,Follow-up Stage,2026-08-08,Yes,Discussed Canada university intakes. Student evaluating budget.
LEAD-10173,2026-08-01,Yes,2026-06-18,Rohan Singh,+917321455482,student_repeat_19@gmail.com,BR-WL-03,WhiteLabel Branch 03,WhiteLabel,CNS-087,Sneha Sharma,+919178575192,Referral,Germany,Australia,No,Application Started,2026-08-08,Yes,Discussed Germany university intakes. Student evaluating budget.
LEAD-10174,2026-08-01,No,N/A,Neha Sharma,+918069186145,student_10174@gmail.com,BR-OFF-04,Official Branch 04,Official,CNS-085,Swati Trivedi,+919105128697,Walk-in,Germany,Canada,GRE,Follow-up Stage,2026-08-08,Yes,Discussed Germany university intakes. Student evaluating budget.
LEAD-10175,2026-08-01,No,N/A,Deep Patel,+918525562585,student_10175@gmail.com,BR-OFF-21,Official Branch 21,Official,CNS-095,Karan Shah,+919803132646,Website Form,Australia,Germany,GRE,Inquiry,2026-08-08,No,
LEAD-10176,2026-08-01,Yes,2026-06-25,Daxesh Singh,+917008399996,student_repeat_18@gmail.com,BR-WL-24,WhiteLabel Branch 24,WhiteLabel,CNS-094,Anjali Shah,+919621890096,Education Fair,USA,Ireland,No,Follow-up Stage,2026-08-16,Yes,"Detailed counseling given regarding loan options, visa requirements and university choices."
LEAD-10177,2026-08-01,Yes,2026-06-16,Ayaan Rathod,+917110373808,student_repeat_42@gmail.com,BR-WL-26,WhiteLabel Branch 26,WhiteLabel,CNS-029,Vikram Chauhan,+919348195935,Walk-in,USA,Australia,IELTS,Inquiry,2026-08-26,No,
LEAD-10178,2026-08-01,No,N/A,Neha Shah,+919344310025,student_10178@gmail.com,BR-WL-03,WhiteLabel Branch 03,WhiteLabel,CNS-087,Sneha Sharma,+919178575192,Walk-in,Germany,Australia,IELTS,Inquiry,2026-08-26,No,
LEAD-10179,2026-08-01,No,N/A,Meera Verma,+918876729911,student_10179@gmail.com,BR-OFF-15,Official Branch 15,Official,CNS-020,Vikram Joshi,+919085675980,Meta Campaign,Australia,UK,No,Inquiry,2026-08-08,No,
LEAD-10180,2026-08-01,No,N/A,Meera Shah,+919730391135,student_10180@gmail.com,BR-OFF-09,Official Branch 09,Official,CNS-060,Monika Trivedi,+919822308461,Website Form,Germany,Australia,Duolingo,Inquiry,2026-08-08,No,
LEAD-10181,2026-08-01,No,N/A,Krishna Mehta,+918709234370,student_10181@gmail.com,BR-OFF-12,Official Branch 12,Official,CNS-083,Swati Mehta,+919452991960,Website Form,Australia,USA,IELTS,Inquiry,2026-08-08,No,
LEAD-10182,2026-08-01,Yes,2026-06-11,Ishaan Trivedi,+917226161867,student_repeat_24@gmail.com,BR-WL-03,WhiteLabel Branch 03,WhiteLabel,CNS-078,Alok Verma,+919454814084,Education Fair,Canada,UK,GRE,Follow-up Stage,2026-08-26,Yes,"Detailed counseling given regarding loan options, visa requirements and university choices."
LEAD-10183,2026-08-01,No,N/A,Neha Joshi,+918651091317,student_10183@gmail.com,BR-OFF-09,Official Branch 09,Official,CNS-002,Priya Sharma,+919239670711,Google Ads,UK,New Zealand,IELTS,Dropped,2026-08-16,Yes,Spoke with student. Student stated financial issue and dropped abroad plan.
LEAD-10184,2026-08-01,No,N/A,Meera Mehta,+918851760848,student_10184@gmail.com,BR-OFF-18,Official Branch 18,Official,CNS-031,Mayank Verma,+919430747414,Education Fair,USA,Australia,Duolingo,Inquiry,2026-08-26,No,
LEAD-10185,2026-08-01,No,N/A,Krishna Joshi,+919101265133,student_10185@gmail.com,BR-OFF-13,Official Branch 13,Official,CNS-064,Monika Bhatt,+919740739735,Walk-in,Canada,New Zealand,Duolingo,Follow-up Stage,2026-08-16,Yes,"Detailed counseling given regarding loan options, visa requirements and university choices."
LEAD-10186,2026-08-01,No,N/A,Avani Mehta,+919591827365,student_10186@gmail.com,BR-WL-19,WhiteLabel Branch 19,WhiteLabel,CNS-019,Deepa Patel,+919049203558,Website Form,USA,Ireland,No,Inquiry,2026-08-16,No,
LEAD-10187,2026-08-01,No,N/A,Reyansh Joshi,+918493961233,student_10187@gmail.com,BR-WL-23,WhiteLabel Branch 23,WhiteLabel,CNS-049,Pooja Bhatt,+919940439931,Education Fair,New Zealand,UK,Duolingo,Inquiry,2026-08-26,No,
LEAD-10188,2026-08-01,No,N/A,Karan Gupta,+919553828861,student_10188@gmail.com,BR-OFF-12,Official Branch 12,Official,CNS-083,Swati Mehta,+919452991960,Referral,Australia,Germany,GRE,Dropped,2026-08-16,Yes,Spoke with student. Student stated financial issue and dropped abroad plan.
LEAD-10189,2026-08-01,Yes,2026-06-17,Aadhya Singh,+917010382761,student_repeat_34@gmail.com,BR-WL-20,WhiteLabel Branch 20,WhiteLabel,CNS-024,Harish Joshi,+919753573823,Education Fair,Ireland,Canada,No,Dropped,2026-08-08,Yes,Financial Issue
LEAD-10190,2026-08-01,Yes,2026-06-25,Saanvi Patel,+917965212976,student_repeat_40@gmail.com,BR-OFF-18,Official Branch 18,Official,CNS-009,Vikram Gupta,+919632719211,Referral,UK,Canada,GRE,Inquiry,2026-08-16,No,
LEAD-10191,2026-08-01,Yes,2026-06-11,Saanvi Patel,+917965212976,student_repeat_40@gmail.com,BR-WL-20,WhiteLabel Branch 20,WhiteLabel,CNS-079,Swati Bhatt,+919058165865,Walk-in,Ireland,Australia,IELTS,Follow-up Stage,2026-08-26,Yes,Discussed Ireland university intakes. Student evaluating budget.
LEAD-10192,2026-08-01,No,N/A,Riya Desai,+918036813447,student_10192@gmail.com,BR-WL-19,WhiteLabel Branch 19,WhiteLabel,CNS-065,Deepa Joshi,+919428414718,Referral,Ireland,Australia,GRE,Follow-up Stage,2026-08-08,Yes,Discussed Ireland university intakes. Student evaluating budget.
LEAD-10193,2026-08-01,No,N/A,Krishna Joshi,+918574075502,student_10193@gmail.com,BR-WL-17,WhiteLabel Branch 17,WhiteLabel,CNS-051,Preeti Patel,+919934712197,Website Form,USA,Germany,Duolingo,Inquiry,2026-08-26,No,
LEAD-10194,2026-08-01,No,N/A,Rohan Sharma,+919403886765,student_10194@gmail.com,BR-OFF-05,Official Branch 05,Official,CNS-084,Priya Gupta,+919268227631,Website Form,Canada,Germany,Duolingo,Dropped,2026-08-16,Yes,Financial Issue
LEAD-10195,2026-08-01,No,N/A,Aadhya Rathod,+919684435297,student_10195@gmail.com,BR-WL-10,WhiteLabel Branch 10,WhiteLabel,CNS-043,Neha Rathod,+919502564736,Education Fair,New Zealand,Canada,No,Inquiry,2026-08-08,No,
LEAD-10196,2026-08-01,Yes,2026-06-11,Myra Joshi,+917279995032,student_repeat_4@gmail.com,BR-WL-11,WhiteLabel Branch 11,WhiteLabel,CNS-036,Vikram Bhatt,+919602764446,Education Fair,Germany,New Zealand,IELTS,Follow-up Stage,2026-08-16,Yes,Discussed Germany university intakes. Student evaluating budget.
LEAD-10197,2026-08-01,No,N/A,Harsh Verma,+918165222006,student_10197@gmail.com,BR-WL-08,WhiteLabel Branch 08,WhiteLabel,CNS-039,Vikram Mehta,+919547099690,Google Ads,Germany,UK,No,Follow-up Stage,2026-08-16,Yes,"Detailed counseling given regarding loan options, visa requirements and university choices."
LEAD-10198,2026-08-01,No,N/A,Arjun Sharma,+919075444449,student_10198@gmail.com,BR-WL-07,WhiteLabel Branch 07,WhiteLabel,CNS-096,Rahul Shah,+919627255918,Meta Campaign,Canada,UK,Duolingo,Dropped,2026-08-08,Yes,None
LEAD-10199,2026-08-01,No,N/A,Daxesh Desai,+919682656813,student_10199@gmail.com,BR-OFF-06,Official Branch 06,Official,CNS-058,Vikram Rathod,+919084564737,Walk-in,UK,Australia,No,Inquiry,2026-08-16,No,
LEAD-10200,2026-08-01,No,N/A,Ishaan Mehta,+919531388925,student_10200@gmail.com,BR-OFF-11,Official Branch 11,Official,CNS-010,Mayank Shah,+919814763202,Website Form,USA,UK,Duolingo,Dropped,2026-08-26,Yes,Spoke with student. Student stated financial issue and dropped abroad plan.
LEAD-10201,2026-08-01,No,N/A,Diya Joshi,+918228816366,student_10201@gmail.com,BR-OFF-22,Official Branch 22,Official,CNS-012,Kavita Sharma,+919819795579,Website Form,USA,Germany,PTE,Follow-up Stage,2026-08-08,Yes,"Detailed counseling given regarding loan options, visa requirements and university choices."
LEAD-10202,2026-08-01,No,N/A,Riya Singh,+919100458338,student_10202@gmail.com,BR-WL-25,WhiteLabel Branch 25,WhiteLabel,CNS-053,Anjali Mehta,+919401486939,Website Form,Canada,UK,PTE,Inquiry,2026-08-26,No,
LEAD-10203,2026-08-01,No,N/A,Diya Verma,+918026501275,student_10203@gmail.com,BR-OFF-24,Official Branch 24,Official,CNS-038,Megha Rathod,+919428853029,Walk-in,Australia,Canada,No,Inquiry,2026-08-08,No,
LEAD-10204,2026-08-01,No,N/A,Sai Shah,+918577499085,student_10204@gmail.com,BR-WL-08,WhiteLabel Branch 08,WhiteLabel,CNS-039,Vikram Mehta,+919547099690,Meta Campaign,Australia,UK,IELTS,Application Started,2026-08-16,Yes,Discussed Australia university intakes. Student evaluating budget.
LEAD-10205,2026-08-01,Yes,2026-06-02,Harsh Singh,+917755420240,student_repeat_16@gmail.com,BR-WL-13,WhiteLabel Branch 13,WhiteLabel,CNS-032,Sneha Sharma,+919980472440,Referral,Ireland,Australia,No,Dropped,2026-08-16,Yes,Spoke with student. Student stated financial issue and dropped abroad plan.
LEAD-10206,2026-08-01,Yes,2026-06-02,Jignesh Trivedi,+917264371717,student_repeat_0@gmail.com,BR-WL-17,WhiteLabel Branch 17,WhiteLabel,CNS-051,Preeti Patel,+919934712197,Meta Campaign,New Zealand,Germany,Duolingo,Follow-up Stage,2026-08-16,Yes,"Detailed counseling given regarding loan options, visa requirements and university choices."
LEAD-10207,2026-08-01,No,N/A,Deep Rathod,+919276449083,student_10207@gmail.com,BR-OFF-13,Official Branch 13,Official,CNS-018,Nikhil Verma,+919619927151,Meta Campaign,USA,Ireland,GRE,Inquiry,2026-08-08,No,
LEAD-10208,2026-08-01,No,N/A,Diya Desai,+919578130681,student_10208@gmail.com,BR-WL-01,WhiteLabel Branch 01,WhiteLabel,CNS-089,Megha Shah,+919176777762,Referral,Australia,Ireland,GRE,Application Started,2026-08-16,Yes,Discussed Australia university intakes. Student evaluating budget.
LEAD-10209,2026-08-01,No,N/A,Reyansh Trivedi,+919171729551,student_10209@gmail.com,BR-WL-20,WhiteLabel Branch 20,WhiteLabel,CNS-024,Harish Joshi,+919753573823,Referral,New Zealand,Germany,IELTS,Inquiry,2026-08-16,No,
LEAD-10210,2026-08-01,No,N/A,Harsh Sharma,+919758715152,student_10210@gmail.com,BR-WL-25,WhiteLabel Branch 25,WhiteLabel,CNS-053,Anjali Mehta,+919401486939,Referral,Australia,UK,PTE,Dropped,2026-08-26,Yes,Opted for Job
LEAD-10211,2026-08-01,No,N/A,Prisha Gupta,+919250359504,student_10211@gmail.com,BR-WL-15,WhiteLabel Branch 15,WhiteLabel,CNS-052,Manish Chauhan,+919545098869,Education Fair,Germany,New Zealand,Duolingo,Inquiry,2026-08-16,No,
LEAD-10212,2026-08-01,No,N/A,Simran Singh,+919275218609,student_10212@gmail.com,BR-WL-11,WhiteLabel Branch 11,WhiteLabel,CNS-082,Vikram Sharma,+919204235259,Website Form,Canada,USA,PTE,Dropped,2026-08-26,Yes,Competitor Joined
LEAD-10213,2026-08-01,No,N/A,Simran Verma,+918227514200,student_10213@gmail.com,BR-OFF-09,Official Branch 09,Official,CNS-002,Priya Sharma,+919239670711,Website Form,USA,UK,No,Dropped,2026-08-26,Yes,Spoke with student. Student stated financial issue and dropped abroad plan.
LEAD-10214,2026-08-01,No,N/A,Ananya Gupta,+919658592309,student_10214@gmail.com,BR-WL-03,WhiteLabel Branch 03,WhiteLabel,CNS-087,Sneha Sharma,+919178575192,Education Fair,Ireland,Germany,GRE,Follow-up Stage,2026-08-08,Yes,Discussed Ireland university intakes. Student evaluating budget.
LEAD-10215,2026-08-01,No,N/A,Aditya Sharma,+919785241258,student_10215@gmail.com,BR-WL-24,WhiteLabel Branch 24,WhiteLabel,CNS-094,Anjali Shah,+919621890096,Google Ads,USA,Australia,PTE,Inquiry,2026-08-08,No,
LEAD-10216,2026-08-01,No,N/A,Saanvi Gupta,+918209643868,student_10216@gmail.com,BR-OFF-04,Official Branch 04,Official,CNS-057,Megha Joshi,+919257109965,Referral,Ireland,Australia,PTE,Dropped,2026-08-08,Yes,Financial Issue
LEAD-10217,2026-08-01,No,N/A,Vihaan Rathod,+919718094560,student_10217@gmail.com,BR-OFF-24,Official Branch 24,Official,CNS-022,Swati Chauhan,+919895619255,Referral,UK,Ireland,GRE,Inquiry,2026-08-16,No,
LEAD-10218,2026-08-01,No,N/A,Pari Mehta,+919713167506,student_10218@gmail.com,BR-WL-15,WhiteLabel Branch 15,WhiteLabel,CNS-052,Manish Chauhan,+919545098869,Referral,UK,USA,Duolingo,Follow-up Stage,2026-08-26,Yes,Discussed UK university intakes. Student evaluating budget.
LEAD-10219,2026-08-01,No,N/A,Aarav Mehta,+918441918814,student_10219@gmail.com,BR-WL-11,WhiteLabel Branch 11,WhiteLabel,CNS-036,Vikram Bhatt,+919602764446,Referral,New Zealand,Canada,No,Application Started,2026-08-26,Yes,Discussed New Zealand university intakes. Student evaluating budget.
LEAD-10220,2026-08-01,No,N/A,Krishna Rathod,+919852497879,student_10220@gmail.com,BR-WL-11,WhiteLabel Branch 11,WhiteLabel,CNS-063,Alok Sharma,+919997413271,Education Fair,Ireland,USA,No,Follow-up Stage,2026-08-16,Yes,Discussed Ireland university intakes. Student evaluating budget.
LEAD-10221,2026-08-01,No,N/A,Prisha Shah,+919747489599,student_10221@gmail.com,BR-WL-03,WhiteLabel Branch 03,WhiteLabel,CNS-087,Sneha Sharma,+919178575192,Referral,New Zealand,USA,No,Inquiry,2026-08-26,No,
LEAD-10222,2026-08-01,Yes,2026-06-25,Ananya Shah,+917721221887,student_repeat_7@gmail.com,BR-OFF-08,Official Branch 08,Official,CNS-040,Sneha Shah,+919924602213,Website Form,UK,Australia,GRE,Inquiry,2026-08-16,No,
LEAD-10223,2026-08-01,No,N/A,Avani Verma,+918908468869,student_10223@gmail.com,BR-WL-20,WhiteLabel Branch 20,WhiteLabel,CNS-024,Harish Joshi,+919753573823,Walk-in,Ireland,Germany,GRE,Inquiry,2026-08-16,No,
LEAD-10224,2026-08-01,No,N/A,Sai Joshi,+919808149481,student_10224@gmail.com,BR-OFF-06,Official Branch 06,Official,CNS-058,Vikram Rathod,+919084564737,Education Fair,Canada,Australia,IELTS,Inquiry,2026-08-08,No,
LEAD-10225,2026-08-01,No,N/A,Riya Singh,+919402456638,student_10225@gmail.com,BR-OFF-13,Official Branch 13,Official,CNS-064,Monika Bhatt,+919740739735,Walk-in,Ireland,Australia,Duolingo,Follow-up Stage,2026-08-16,Yes,Spoke with student. Student stated financial issue and dropped abroad plan.
LEAD-10226,2026-08-01,No,N/A,Avani Patel,+919709141184,student_10226@gmail.com,BR-OFF-12,Official Branch 12,Official,CNS-098,Preeti Patel,+919914122100,Google Ads,USA,Canada,PTE,Application Started,2026-08-16,Yes,Discussed USA university intakes. Student evaluating budget.
LEAD-10227,2026-08-01,No,N/A,Avani Sharma,+918575287044,student_10227@gmail.com,BR-OFF-08,Official Branch 08,Official,CNS-100,Sachin Sharma,+919433550699,Education Fair,New Zealand,USA,No,Follow-up Stage,2026-08-08,Yes,"Detailed counseling given regarding loan options, visa requirements and university choices."
LEAD-10228,2026-08-01,No,N/A,Vihaan Rathod,+919613502162,student_10228@gmail.com,BR-WL-13,WhiteLabel Branch 13,WhiteLabel,CNS-032,Sneha Sharma,+919980472440,Meta Campaign,New Zealand,Canada,Duolingo,Follow-up Stage,2026-08-08,Yes,Discussed New Zealand university intakes. Student evaluating budget.
LEAD-10229,2026-08-01,No,N/A,Avani Joshi,+919849087999,student_10229@gmail.com,BR-WL-23,WhiteLabel Branch 23,WhiteLabel,CNS-091,Manish Desai,+919747959430,Education Fair,Ireland,Australia,GRE,Dropped,2026-08-08,Yes,Spoke with student. Student stated financial issue and dropped abroad plan.
LEAD-10230,2026-08-01,No,N/A,Avani Joshi,+919143064305,student_10230@gmail.com,BR-WL-11,WhiteLabel Branch 11,WhiteLabel,CNS-036,Vikram Bhatt,+919602764446,Education Fair,Germany,UK,PTE,Inquiry,2026-08-16,No,
LEAD-10231,2026-08-01,No,N/A,Jignesh Rathod,+919750587674,student_10231@gmail.com,BR-OFF-07,Official Branch 07,Official,CNS-013,Amit Patel,+919407943839,Google Ads,New Zealand,Australia,IELTS,Inquiry,2026-08-26,No,
LEAD-10232,2026-08-01,Yes,2026-06-06,Neha Rathod,+917111225158,student_repeat_20@gmail.com,BR-WL-13,WhiteLabel Branch 13,WhiteLabel,CNS-032,Sneha Sharma,+919980472440,Referral,Australia,Germany,GRE,Inquiry,2026-08-16,No,
LEAD-10233,2026-08-01,No,N/A,Ananya Gupta,+918162169960,student_10233@gmail.com,BR-WL-11,WhiteLabel Branch 11,WhiteLabel,CNS-082,Vikram Sharma,+919204235259,Website Form,Australia,Ireland,PTE,Follow-up Stage,2026-08-16,Yes,Spoke with student. Student stated financial issue and dropped abroad plan.
LEAD-10234,2026-08-01,No,N/A,Diya Trivedi,+918005310899,student_10234@gmail.com,BR-OFF-08,Official Branch 08,Official,CNS-100,Sachin Sharma,+919433550699,Referral,Canada,New Zealand,Duolingo,Follow-up Stage,2026-08-26,Yes,Spoke with student. Student stated financial issue and dropped abroad plan.
LEAD-10235,2026-08-01,No,N/A,Simran Singh,+918854088331,student_10235@gmail.com,BR-WL-12,WhiteLabel Branch 12,WhiteLabel,CNS-028,Pankaj Chauhan,+919738908273,Walk-in,New Zealand,UK,Duolingo,Dropped,2026-08-16,Yes,No Response
LEAD-10236,2026-08-01,No,N/A,Simran Joshi,+919465769095,student_10236@gmail.com,BR-OFF-12,Official Branch 12,Official,CNS-098,Preeti Patel,+919914122100,Website Form,Canada,UK,Duolingo,Application Started,2026-08-08,Yes,Discussed Canada university intakes. Student evaluating budget.
LEAD-10237,2026-08-01,No,N/A,Meera Shah,+919894397889,student_10237@gmail.com,BR-OFF-05,Official Branch 05,Official,CNS-084,Priya Gupta,+919268227631,Meta Campaign,UK,Australia,IELTS,Dropped,2026-08-16,Yes,Spoke with student. Student stated financial issue and dropped abroad plan.
LEAD-10238,2026-08-01,No,N/A,Jignesh Rathod,+918355462412,student_10238@gmail.com,BR-WL-22,WhiteLabel Branch 22,WhiteLabel,CNS-007,Pooja Trivedi,+919213500298,Walk-in,Ireland,USA,GRE,Inquiry,2026-08-08,No,
LEAD-10239,2026-08-01,No,N/A,Aarav Mehta,+919023934623,student_10239@gmail.com,BR-OFF-11,Official Branch 11,Official,CNS-010,Mayank Shah,+919814763202,Google Ads,Germany,UK,No,Dropped,2026-08-08,Yes,Spoke with student. Student stated financial issue and dropped abroad plan.
LEAD-10240,2026-08-01,No,N/A,Harsh Sharma,+919847566704,student_10240@gmail.com,BR-OFF-21,Official Branch 21,Official,CNS-055,Pankaj Shah,+919643111853,Referral,UK,Germany,IELTS,Follow-up Stage,2026-08-08,Yes,Discussed UK university intakes. Student evaluating budget.
LEAD-10241,2026-08-01,No,N/A,Ishaan Shah,+918821887197,student_10241@gmail.com,BR-OFF-08,Official Branch 08,Official,CNS-100,Sachin Sharma,+919433550699,Google Ads,Ireland,New Zealand,GRE,Dropped,2026-08-26,Yes,Competitor Joined
LEAD-10242,2026-08-01,No,N/A,Reyansh Rathod,+919606895101,student_10242@gmail.com,BR-OFF-15,Official Branch 15,Official,CNS-020,Vikram Joshi,+919085675980,Walk-in,Germany,New Zealand,Duolingo,Follow-up Stage,2026-08-08,Yes,"Detailed counseling given regarding loan options, visa requirements and university choices."
LEAD-10243,2026-08-01,Yes,2026-06-20,Neha Mehta,+917928363301,student_repeat_46@gmail.com,BR-WL-20,WhiteLabel Branch 20,WhiteLabel,CNS-045,Harish Bhatt,+919122998994,Walk-in,USA,UK,GRE,Dropped,2026-08-08,Yes,No Response
LEAD-10244,2026-08-01,No,N/A,Aarav Rathod,+919880824574,student_10244@gmail.com,BR-WL-08,WhiteLabel Branch 08,WhiteLabel,CNS-039,Vikram Mehta,+919547099690,Google Ads,Germany,Ireland,No,Dropped,2026-08-16,Yes,Financial Issue
LEAD-10245,2026-08-01,No,N/A,Ayaan Gupta,+919370271375,student_10245@gmail.com,BR-WL-19,WhiteLabel Branch 19,WhiteLabel,CNS-077,Anjali Patel,+919104078666,Website Form,Germany,Canada,PTE,Inquiry,2026-08-08,No,
LEAD-10246,2026-08-01,No,N/A,Sai Gupta,+919654350647,student_10246@gmail.com,BR-OFF-11,Official Branch 11,Official,CNS-010,Mayank Shah,+919814763202,Website Form,Germany,Canada,IELTS,Application Started,2026-08-08,Yes,Discussed Germany university intakes. Student evaluating budget.
LEAD-10247,2026-08-01,No,N/A,Myra Verma,+918909620887,student_10247@gmail.com,BR-WL-06,WhiteLabel Branch 06,WhiteLabel,CNS-090,Pooja Desai,+919284759615,Walk-in,Canada,New Zealand,No,Inquiry,2026-08-08,No,
LEAD-10248,2026-08-01,No,N/A,Ishaan Sharma,+919098018469,student_10248@gmail.com,BR-OFF-18,Official Branch 18,Official,CNS-027,Rohan Gupta,+919407437181,Google Ads,Germany,USA,Duolingo,Inquiry,2026-08-26,No,
LEAD-10249,2026-08-01,No,N/A,Aditya Desai,+919500395034,student_10249@gmail.com,BR-OFF-24,Official Branch 24,Official,CNS-056,Gaurav Shah,+919120117054,Referral,New Zealand,UK,IELTS,Application Started,2026-08-16,Yes,Discussed New Zealand university intakes. Student evaluating budget.
LEAD-10250,2026-08-01,No,N/A,Rohan Shah,+918256501907,student_10250@gmail.com,BR-OFF-09,Official Branch 09,Official,CNS-002,Priya Sharma,+919239670711,Referral,UK,New Zealand,IELTS,Dropped,2026-08-16,Yes,None
LEAD-10251,2026-08-01,No,N/A,Pooja Desai,+919573967724,student_10251@gmail.com,BR-WL-01,WhiteLabel Branch 01,WhiteLabel,CNS-016,Karan Patel,+919990307112,Website Form,USA,Germany,PTE,Inquiry,2026-08-16,No,
LEAD-10252,2026-08-01,No,N/A,Avani Rathod,+918165506632,student_10252@gmail.com,BR-OFF-13,Official Branch 13,Official,CNS-064,Monika Bhatt,+919740739735,Walk-in,Germany,USA,IELTS,Inquiry,2026-08-26,No,
LEAD-10253,2026-08-01,No,N/A,Sai Desai,+919660711292,student_10253@gmail.com,BR-OFF-17,Official Branch 17,Official,CNS-014,Sanjay Verma,+919648245888,Education Fair,Ireland,New Zealand,IELTS,Follow-up Stage,2026-08-26,Yes,Discussed Ireland university intakes. Student evaluating budget.
LEAD-10254,2026-08-01,Yes,2026-06-20,Riya Shah,+917292431670,student_repeat_23@gmail.com,BR-OFF-15,Official Branch 15,Official,CNS-020,Vikram Joshi,+919085675980,Google Ads,New Zealand,Canada,No,Follow-up Stage,2026-08-26,Yes,"Detailed counseling given regarding loan options, visa requirements and university choices."
LEAD-10255,2026-08-01,No,N/A,Aadhya Joshi,+918582522028,student_10255@gmail.com,BR-OFF-11,Official Branch 11,Official,CNS-010,Mayank Shah,+919814763202,Education Fair,USA,Canada,No,Dropped,2026-08-08,Yes,Spoke with student. Student stated financial issue and dropped abroad plan.
LEAD-10256,2026-08-01,No,N/A,Myra Patel,+918860979563,student_10256@gmail.com,BR-OFF-18,Official Branch 18,Official,CNS-009,Vikram Gupta,+919632719211,Walk-in,New Zealand,USA,PTE,Follow-up Stage,2026-08-26,Yes,Discussed New Zealand university intakes. Student evaluating budget.
LEAD-10257,2026-08-01,No,N/A,Simran Desai,+919588227330,student_10257@gmail.com,BR-OFF-04,Official Branch 04,Official,CNS-080,Bhavna Chauhan,+919105675387,Google Ads,Australia,USA,No,Inquiry,2026-08-08,No,
LEAD-10258,2026-08-01,No,N/A,Arjun Patel,+918880545841,student_10258@gmail.com,BR-WL-14,WhiteLabel Branch 14,WhiteLabel,CNS-004,Megha Trivedi,+919093349856,Google Ads,Germany,USA,IELTS,Inquiry,2026-08-08,No,
LEAD-10259,2026-08-01,No,N/A,Ishaan Sharma,+918440651552,student_10259@gmail.com,BR-WL-14,WhiteLabel Branch 14,WhiteLabel,CNS-068,Sneha Verma,+919022585366,Google Ads,Australia,Germany,IELTS,Inquiry,2026-08-08,No,
LEAD-10260,2026-08-01,Yes,2026-06-04,Aditya Mehta,+917396776692,student_repeat_14@gmail.com,BR-OFF-15,Official Branch 15,Official,CNS-067,Swati Patel,+919266186631,Walk-in,Ireland,USA,Duolingo,Inquiry,2026-08-08,No,
LEAD-10261,2026-08-01,Yes,2026-06-30,Meera Joshi,+917218610946,student_repeat_25@gmail.com,BR-WL-03,WhiteLabel Branch 03,WhiteLabel,CNS-076,Vikram Gupta,+919867043303,Education Fair,Canada,Germany,GRE,Application Started,2026-08-16,Yes,Discussed Canada university intakes. Student evaluating budget.
LEAD-10262,2026-08-01,No,N/A,Diya Joshi,+918972290081,student_10262@gmail.com,BR-OFF-09,Official Branch 09,Official,CNS-035,Swati Mehta,+919284412919,Google Ads,Canada,USA,GRE,Follow-up Stage,2026-08-26,Yes,"Detailed counseling given regarding loan options, visa requirements and university choices."
LEAD-10263,2026-08-01,No,N/A,Pari Joshi,+918872979057,student_10263@gmail.com,BR-WL-01,WhiteLabel Branch 01,WhiteLabel,CNS-016,Karan Patel,+919990307112,Education Fair,USA,UK,Duolingo,Follow-up Stage,2026-08-16,Yes,Discussed USA university intakes. Student evaluating budget.
LEAD-10264,2026-08-01,No,N/A,Ishaan Trivedi,+918086607612,student_10264@gmail.com,BR-WL-12,WhiteLabel Branch 12,WhiteLabel,CNS-028,Pankaj Chauhan,+919738908273,Meta Campaign,UK,Canada,GRE,Inquiry,2026-08-16,No,
LEAD-10265,2026-08-01,No,N/A,Harsh Shah,+918066748274,student_10265@gmail.com,BR-WL-15,WhiteLabel Branch 15,WhiteLabel,CNS-052,Manish Chauhan,+919545098869,Walk-in,Germany,New Zealand,No,Follow-up Stage,2026-08-16,Yes,Discussed Germany university intakes. Student evaluating budget.
LEAD-10266,2026-08-01,Yes,2026-06-25,Pooja Joshi,+917840081098,student_repeat_49@gmail.com,BR-WL-17,WhiteLabel Branch 17,WhiteLabel,CNS-017,Sneha Trivedi,+919314797776,Google Ads,New Zealand,Australia,PTE,Dropped,2026-08-26,Yes,Spoke with student. Student stated financial issue and dropped abroad plan.
LEAD-10267,2026-08-01,No,N/A,Krishna Sharma,+918046815527,student_10267@gmail.com,BR-OFF-18,Official Branch 18,Official,CNS-009,Vikram Gupta,+919632719211,Google Ads,Ireland,Australia,GRE,Follow-up Stage,2026-08-16,Yes,Discussed Ireland university intakes. Student evaluating budget.
LEAD-10268,2026-08-01,No,N/A,Avani Verma,+919764555952,student_10268@gmail.com,BR-OFF-19,Official Branch 19,Official,CNS-093,Gaurav Mehta,+919203901283,Walk-in,Australia,Canada,Duolingo,Follow-up Stage,2026-08-08,Yes,Spoke with student. Student stated financial issue and dropped abroad plan.
LEAD-10269,2026-08-01,No,N/A,Sai Desai,+918600983073,student_10269@gmail.com,BR-OFF-06,Official Branch 06,Official,CNS-058,Vikram Rathod,+919084564737,Google Ads,Canada,Ireland,No,Follow-up Stage,2026-08-26,Yes,Spoke with student. Student stated financial issue and dropped abroad plan.
LEAD-10270,2026-08-01,No,N/A,Jignesh Singh,+919028711091,student_10270@gmail.com,BR-WL-03,WhiteLabel Branch 03,WhiteLabel,CNS-008,Bhavna Bhatt,+919585126461,Website Form,USA,Germany,GRE,Inquiry,2026-08-26,No,
LEAD-10271,2026-08-01,No,N/A,Myra Mehta,+919354534729,student_10271@gmail.com,BR-WL-17,WhiteLabel Branch 17,WhiteLabel,CNS-070,Pooja Patel,+919760038427,Website Form,Australia,New Zealand,PTE,Inquiry,2026-08-16,No,
LEAD-10272,2026-08-01,No,N/A,Avani Singh,+918690640233,student_10272@gmail.com,BR-OFF-12,Official Branch 12,Official,CNS-050,Priya Trivedi,+919818150683,Meta Campaign,UK,Canada,PTE,Inquiry,2026-08-08,No,
LEAD-10273,2026-08-01,No,N/A,Karan Desai,+918125823710,student_10273@gmail.com,BR-WL-12,WhiteLabel Branch 12,WhiteLabel,CNS-061,Kavita Chauhan,+919510330567,Education Fair,USA,Ireland,GRE,Inquiry,2026-08-08,No,
LEAD-10274,2026-08-01,No,N/A,Simran Patel,+919640784281,student_10274@gmail.com,BR-WL-26,WhiteLabel Branch 26,WhiteLabel,CNS-029,Vikram Chauhan,+919348195935,Education Fair,New Zealand,Australia,PTE,Inquiry,2026-08-08,No,
LEAD-10275,2026-08-01,No,N/A,Pooja Joshi,+919270370797,student_10275@gmail.com,BR-WL-14,WhiteLabel Branch 14,WhiteLabel,CNS-004,Megha Trivedi,+919093349856,Referral,Ireland,USA,No,Inquiry,2026-08-26,No,
LEAD-10276,2026-08-01,No,N/A,Harsh Gupta,+919164203721,student_10276@gmail.com,BR-OFF-08,Official Branch 08,Official,CNS-040,Sneha Shah,+919924602213,Google Ads,Australia,Canada,IELTS,Follow-up Stage,2026-08-26,Yes,Discussed Australia university intakes. Student evaluating budget.
LEAD-10277,2026-08-01,Yes,2026-06-26,Arjun Patel,+917330989881,student_repeat_39@gmail.com,BR-WL-17,WhiteLabel Branch 17,WhiteLabel,CNS-017,Sneha Trivedi,+919314797776,Meta Campaign,Ireland,UK,PTE,Dropped,2026-08-08,Yes,Dropped Plan
LEAD-10278,2026-08-01,No,N/A,Saanvi Sharma,+918802280088,student_10278@gmail.com,BR-WL-23,WhiteLabel Branch 23,WhiteLabel,CNS-091,Manish Desai,+919747959430,Referral,Australia,Ireland,IELTS,Follow-up Stage,2026-08-16,Yes,Discussed Australia university intakes. Student evaluating budget.
LEAD-10279,2026-08-01,No,N/A,Chiara Rathod,+918681360899,student_10279@gmail.com,BR-OFF-14,Official Branch 14,Official,CNS-023,Rohan Verma,+919381469012,Referral,Germany,New Zealand,No,Follow-up Stage,2026-08-08,Yes,"Detailed counseling given regarding loan options, visa requirements and university choices."
LEAD-10280,2026-08-01,No,N/A,Meera Desai,+918273478543,student_10280@gmail.com,BR-OFF-14,Official Branch 14,Official,CNS-023,Rohan Verma,+919381469012,Referral,Canada,New Zealand,No,Follow-up Stage,2026-08-26,Yes,Discussed Canada university intakes. Student evaluating budget.
LEAD-10281,2026-08-01,No,N/A,Prisha Mehta,+919373630977,student_10281@gmail.com,BR-WL-08,WhiteLabel Branch 08,WhiteLabel,CNS-073,Vikram Joshi,+919718309417,Website Form,Australia,UK,PTE,Follow-up Stage,2026-08-08,Yes,Spoke with student. Student stated financial issue and dropped abroad plan.
LEAD-10282,2026-08-01,No,N/A,Sai Rathod,+918190537648,student_10282@gmail.com,BR-WL-23,WhiteLabel Branch 23,WhiteLabel,CNS-091,Manish Desai,+919747959430,Referral,Ireland,New Zealand,PTE,Inquiry,2026-08-16,No,
LEAD-10283,2026-08-01,No,N/A,Meera Sharma,+918752652566,student_10283@gmail.com,BR-OFF-14,Official Branch 14,Official,CNS-033,Megha Bhatt,+919337882805,Website Form,Ireland,Canada,IELTS,Follow-up Stage,2026-08-26,Yes,Discussed Ireland university intakes. Student evaluating budget.
LEAD-10284,2026-08-01,No,N/A,Saanvi Singh,+918806052769,student_10284@gmail.com,BR-OFF-07,Official Branch 07,Official,CNS-013,Amit Patel,+919407943839,Walk-in,New Zealand,Germany,GRE,Follow-up Stage,2026-08-08,Yes,Discussed New Zealand university intakes. Student evaluating budget.
LEAD-10285,2026-08-01,No,N/A,Vihaan Sharma,+918734027531,student_10285@gmail.com,BR-OFF-24,Official Branch 24,Official,CNS-022,Swati Chauhan,+919895619255,Walk-in,UK,New Zealand,IELTS,Inquiry,2026-08-08,No,
LEAD-10286,2026-08-01,No,N/A,Prisha Gupta,+919512912217,student_10286@gmail.com,BR-WL-14,WhiteLabel Branch 14,WhiteLabel,CNS-004,Megha Trivedi,+919093349856,Walk-in,Ireland,UK,No,Follow-up Stage,2026-08-08,Yes,"Detailed counseling given regarding loan options, visa requirements and university choices."
LEAD-10287,2026-08-02,No,N/A,Aadhya Singh,+919550565015,student_10287@gmail.com,BR-WL-24,WhiteLabel Branch 24,WhiteLabel,CNS-094,Anjali Shah,+919621890096,Education Fair,USA,New Zealand,PTE,Application Started,2026-08-09,Yes,Discussed USA university intakes. Student evaluating budget.
LEAD-10288,2026-08-02,No,N/A,Vivaan Joshi,+918008193882,student_10288@gmail.com,BR-OFF-21,Official Branch 21,Official,CNS-055,Pankaj Shah,+919643111853,Website Form,USA,New Zealand,No,Inquiry,2026-08-09,No,
LEAD-10289,2026-08-02,Yes,2026-06-13,Pari Trivedi,+917604509817,student_repeat_10@gmail.com,BR-OFF-24,Official Branch 24,Official,CNS-038,Megha Rathod,+919428853029,Website Form,Australia,Canada,PTE,Follow-up Stage,2026-08-17,Yes,"Detailed counseling given regarding loan options, visa requirements and university choices."
LEAD-10290,2026-08-02,No,N/A,Ananya Shah,+918796760503,student_10290@gmail.com,BR-WL-23,WhiteLabel Branch 23,WhiteLabel,CNS-049,Pooja Bhatt,+919940439931,Meta Campaign,UK,Germany,IELTS,Follow-up Stage,2026-08-17,Yes,Discussed UK university intakes. Student evaluating budget.
LEAD-10291,2026-08-02,Yes,2026-06-11,Aadhya Patel,+917192587044,student_repeat_48@gmail.com,BR-OFF-01,Official Branch 01,Official,CNS-086,Bhavna Trivedi,+919897677788,Website Form,Canada,New Zealand,PTE,Follow-up Stage,2026-08-17,Yes,"Detailed counseling given regarding loan options, visa requirements and university choices."
LEAD-10292,2026-08-02,Yes,2026-06-07,Ishaan Trivedi,+917226161867,student_repeat_24@gmail.com,BR-OFF-15,Official Branch 15,Official,CNS-067,Swati Patel,+919266186631,Walk-in,Germany,New Zealand,Duolingo,Inquiry,2026-08-09,No,
LEAD-10293,2026-08-02,No,N/A,Aditya Verma,+919833821792,student_10293@gmail.com,BR-WL-22,WhiteLabel Branch 22,WhiteLabel,CNS-092,Mayank Trivedi,+919710678904,Website Form,Germany,Ireland,No,Follow-up Stage,2026-08-27,Yes,"Detailed counseling given regarding loan options, visa requirements and university choices."
LEAD-10294,2026-08-02,No,N/A,Pari Shah,+918358983646,student_10294@gmail.com,BR-WL-12,WhiteLabel Branch 12,WhiteLabel,CNS-028,Pankaj Chauhan,+919738908273,Google Ads,UK,Canada,Duolingo,Follow-up Stage,2026-08-27,Yes,Discussed UK university intakes. Student evaluating budget.
LEAD-10295,2026-08-02,No,N/A,Diya Sharma,+918186890015,student_10295@gmail.com,BR-OFF-12,Official Branch 12,Official,CNS-050,Priya Trivedi,+919818150683,Education Fair,Australia,Ireland,PTE,Follow-up Stage,2026-08-27,Yes,"Detailed counseling given regarding loan options, visa requirements and university choices."
LEAD-10296,2026-08-02,No,N/A,Avani Singh,+919678657176,student_10296@gmail.com,BR-WL-10,WhiteLabel Branch 10,WhiteLabel,CNS-054,Rohan Trivedi,+919836043811,Website Form,Australia,UK,GRE,Inquiry,2026-08-27,No,
LEAD-10297,2026-08-02,No,N/A,Vihaan Sharma,+919208354171,student_10297@gmail.com,BR-OFF-08,Official Branch 08,Official,CNS-100,Sachin Sharma,+919433550699,Website Form,New Zealand,USA,No,Follow-up Stage,2026-08-17,Yes,"Detailed counseling given regarding loan options, visa requirements and university choices."
LEAD-10298,2026-08-02,No,N/A,Prisha Gupta,+918080456913,student_10298@gmail.com,BR-OFF-14,Official Branch 14,Official,CNS-023,Rohan Verma,+919381469012,Meta Campaign,Australia,UK,No,Follow-up Stage,2026-08-27,Yes,Spoke with student. Student stated financial issue and dropped abroad plan.
LEAD-10299,2026-08-02,Yes,2026-06-11,Jignesh Shah,+917283968123,student_repeat_21@gmail.com,BR-OFF-18,Official Branch 18,Official,CNS-031,Mayank Verma,+919430747414,Website Form,Ireland,Australia,PTE,Follow-up Stage,2026-08-09,Yes,"Detailed counseling given regarding loan options, visa requirements and university choices."
LEAD-10300,2026-08-02,No,N/A,Chiara Rathod,+918210920226,student_10300@gmail.com,BR-OFF-03,Official Branch 03,Official,CNS-030,Monika Shah,+919245938494,Google Ads,USA,New Zealand,Duolingo,Follow-up Stage,2026-08-17,Yes,"Detailed counseling given regarding loan options, visa requirements and university choices."
LEAD-10301,2026-08-02,No,N/A,Reyansh Gupta,+918453957642,student_10301@gmail.com,BR-WL-25,WhiteLabel Branch 25,WhiteLabel,CNS-053,Anjali Mehta,+919401486939,Referral,Australia,Ireland,PTE,Follow-up Stage,2026-08-27,Yes,"Detailed counseling given regarding loan options, visa requirements and university choices."
LEAD-10302,2026-08-02,No,N/A,Ananya Shah,+919676146260,student_10302@gmail.com,BR-WL-14,WhiteLabel Branch 14,WhiteLabel,CNS-068,Sneha Verma,+919022585366,Education Fair,Canada,USA,GRE,Follow-up Stage,2026-08-09,Yes,"Detailed counseling given regarding loan options, visa requirements and university choices."
LEAD-10303,2026-08-02,No,N/A,Neha Joshi,+919513189876,student_10303@gmail.com,BR-OFF-16,Official Branch 16,Official,CNS-026,Rohan Trivedi,+919782893941,Meta Campaign,USA,Germany,No,Follow-up Stage,2026-08-09,Yes,Discussed USA university intakes. Student evaluating budget.
LEAD-10304,2026-08-02,No,N/A,Pari Shah,+919869343223,student_10304@gmail.com,BR-WL-12,WhiteLabel Branch 12,WhiteLabel,CNS-061,Kavita Chauhan,+919510330567,Education Fair,Germany,USA,PTE,Dropped,2026-08-17,Yes,Financial Issue
LEAD-10305,2026-08-02,No,N/A,Sai Trivedi,+919674672448,student_10305@gmail.com,BR-WL-12,WhiteLabel Branch 12,WhiteLabel,CNS-028,Pankaj Chauhan,+919738908273,Google Ads,Ireland,UK,GRE,Follow-up Stage,2026-08-17,Yes,Discussed Ireland university intakes. Student evaluating budget.
LEAD-10306,2026-08-02,No,N/A,Daxesh Shah,+919290942502,student_10306@gmail.com,BR-OFF-09,Official Branch 09,Official,CNS-002,Priya Sharma,+919239670711,Google Ads,USA,Ireland,PTE,Follow-up Stage,2026-08-27,Yes,Spoke with student. Student stated financial issue and dropped abroad plan.
LEAD-10307,2026-08-02,No,N/A,Ananya Joshi,+918985690740,student_10307@gmail.com,BR-OFF-14,Official Branch 14,Official,CNS-033,Megha Bhatt,+919337882805,Google Ads,Australia,USA,No,Follow-up Stage,2026-08-17,Yes,"Detailed counseling given regarding loan options, visa requirements and university choices."
LEAD-10308,2026-08-02,No,N/A,Rohan Joshi,+919205719972,student_10308@gmail.com,BR-OFF-12,Official Branch 12,Official,CNS-083,Swati Mehta,+919452991960,Education Fair,Germany,USA,PTE,Dropped,2026-08-17,Yes,Spoke with student. Student stated financial issue and dropped abroad plan.
LEAD-10309,2026-08-02,No,N/A,Krishna Rathod,+918698226538,student_10309@gmail.com,BR-WL-11,WhiteLabel Branch 11,WhiteLabel,CNS-036,Vikram Bhatt,+919602764446,Meta Campaign,Ireland,New Zealand,PTE,Follow-up Stage,2026-08-27,Yes,Discussed Ireland university intakes. Student evaluating budget.
LEAD-10310,2026-08-02,No,N/A,Simran Trivedi,+918867794767,student_10310@gmail.com,BR-OFF-04,Official Branch 04,Official,CNS-085,Swati Trivedi,+919105128697,Meta Campaign,Ireland,UK,IELTS,Follow-up Stage,2026-08-17,Yes,Spoke with student. Student stated financial issue and dropped abroad plan.
LEAD-10311,2026-08-02,No,N/A,Ananya Verma,+919582120140,student_10311@gmail.com,BR-OFF-06,Official Branch 06,Official,CNS-005,Alok Shah,+919031994523,Education Fair,Ireland,Germany,GRE,Dropped,2026-08-27,Yes,No Response
LEAD-10312,2026-08-02,No,N/A,Saanvi Singh,+918644663474,student_10312@gmail.com,BR-OFF-24,Official Branch 24,Official,CNS-022,Swati Chauhan,+919895619255,Referral,Germany,UK,PTE,Application Started,2026-08-09,Yes,Discussed Germany university intakes. Student evaluating budget.
LEAD-10313,2026-08-02,No,N/A,Rohan Joshi,+919405387704,student_10313@gmail.com,BR-OFF-22,Official Branch 22,Official,CNS-012,Kavita Sharma,+919819795579,Google Ads,USA,UK,PTE,Inquiry,2026-08-17,No,
LEAD-10314,2026-08-02,No,N/A,Avani Desai,+918995918363,student_10314@gmail.com,BR-WL-01,WhiteLabel Branch 01,WhiteLabel,CNS-016,Karan Patel,+919990307112,Walk-in,Canada,New Zealand,No,Inquiry,2026-08-27,No,
LEAD-10315,2026-08-02,Yes,2026-06-17,Reyansh Singh,+917284756779,student_repeat_12@gmail.com,BR-WL-01,WhiteLabel Branch 01,WhiteLabel,CNS-016,Karan Patel,+919990307112,Referral,Australia,Ireland,PTE,Inquiry,2026-08-09,No,
LEAD-10316,2026-08-02,Yes,2026-06-23,Reyansh Singh,+917284756779,student_repeat_12@gmail.com,BR-WL-25,WhiteLabel Branch 25,WhiteLabel,CNS-053,Anjali Mehta,+919401486939,Education Fair,Australia,UK,PTE,Follow-up Stage,2026-08-09,Yes,"Detailed counseling given regarding loan options, visa requirements and university choices."
LEAD-10317,2026-08-02,No,N/A,Sai Joshi,+919362576173,student_10317@gmail.com,BR-WL-03,WhiteLabel Branch 03,WhiteLabel,CNS-008,Bhavna Bhatt,+919585126461,Website Form,Australia,USA,GRE,Follow-up Stage,2026-08-09,Yes,"Detailed counseling given regarding loan options, visa requirements and university choices."
LEAD-10318,2026-08-02,No,N/A,Karan Sharma,+918277897181,student_10318@gmail.com,BR-WL-20,WhiteLabel Branch 20,WhiteLabel,CNS-079,Swati Bhatt,+919058165865,Walk-in,Ireland,Australia,Duolingo,Inquiry,2026-08-17,No,
LEAD-10319,2026-08-02,No,N/A,Vivaan Singh,+918428238842,student_10319@gmail.com,BR-WL-24,WhiteLabel Branch 24,WhiteLabel,CNS-094,Anjali Shah,+919621890096,Meta Campaign,Canada,Australia,No,Dropped,2026-08-27,Yes,Competitor Joined
LEAD-10320,2026-08-02,No,N/A,Saanvi Desai,+918276876799,student_10320@gmail.com,BR-OFF-17,Official Branch 17,Official,CNS-014,Sanjay Verma,+919648245888,Walk-in,Germany,Ireland,PTE,Application Started,2026-08-09,Yes,Discussed Germany university intakes. Student evaluating budget.
LEAD-10321,2026-08-02,No,N/A,Myra Joshi,+918931288987,student_10321@gmail.com,BR-WL-02,WhiteLabel Branch 02,WhiteLabel,CNS-088,Gaurav Gupta,+919229509408,Google Ads,USA,Germany,PTE,Follow-up Stage,2026-08-09,Yes,"Detailed counseling given regarding loan options, visa requirements and university choices."
LEAD-10322,2026-08-02,No,N/A,Arjun Mehta,+919576417550,student_10322@gmail.com,BR-WL-24,WhiteLabel Branch 24,WhiteLabel,CNS-003,Rajesh Patel,+919726600539,Education Fair,Germany,UK,IELTS,Follow-up Stage,2026-08-27,Yes,Discussed Germany university intakes. Student evaluating budget.
LEAD-10323,2026-08-02,No,N/A,Karan Singh,+919338171758,student_10323@gmail.com,BR-WL-22,WhiteLabel Branch 22,WhiteLabel,CNS-007,Pooja Trivedi,+919213500298,Education Fair,Canada,New Zealand,IELTS,Dropped,2026-08-09,Yes,Spoke with student. Student stated financial issue and dropped abroad plan.
LEAD-10324,2026-08-02,No,N/A,Aadhya Gupta,+918816588740,student_10324@gmail.com,BR-WL-01,WhiteLabel Branch 01,WhiteLabel,CNS-016,Karan Patel,+919990307112,Education Fair,USA,Germany,GRE,Follow-up Stage,2026-08-27,Yes,Discussed USA university intakes. Student evaluating budget.
LEAD-10325,2026-08-02,No,N/A,Rohan Singh,+918579771519,student_10325@gmail.com,BR-OFF-04,Official Branch 04,Official,CNS-080,Bhavna Chauhan,+919105675387,Education Fair,Ireland,UK,Duolingo,Follow-up Stage,2026-08-09,Yes,"Detailed counseling given regarding loan options, visa requirements and university choices."
LEAD-10326,2026-08-02,Yes,2026-06-18,Diya Mehta,+917285201412,student_repeat_6@gmail.com,BR-OFF-16,Official Branch 16,Official,CNS-026,Rohan Trivedi,+919782893941,Education Fair,UK,Australia,No,Inquiry,2026-08-17,No,
LEAD-10327,2026-08-02,No,N/A,Riya Gupta,+918446019428,student_10327@gmail.com,BR-WL-01,WhiteLabel Branch 01,WhiteLabel,CNS-089,Megha Shah,+919176777762,Walk-in,USA,UK,IELTS,Follow-up Stage,2026-08-09,Yes,Discussed USA university intakes. Student evaluating budget.
LEAD-10328,2026-08-02,No,N/A,Karan Singh,+918161164806,student_10328@gmail.com,BR-OFF-19,Official Branch 19,Official,CNS-093,Gaurav Mehta,+919203901283,Referral,Canada,Australia,GRE,Inquiry,2026-08-17,No,
LEAD-10329,2026-08-02,No,N/A,Vivaan Sharma,+919746287356,student_10329@gmail.com,BR-OFF-14,Official Branch 14,Official,CNS-023,Rohan Verma,+919381469012,Website Form,New Zealand,USA,PTE,Follow-up Stage,2026-08-17,Yes,"Detailed counseling given regarding loan options, visa requirements and university choices."
LEAD-10330,2026-08-02,No,N/A,Jignesh Patel,+918020771157,student_10330@gmail.com,BR-OFF-13,Official Branch 13,Official,CNS-018,Nikhil Verma,+919619927151,Referral,Ireland,UK,PTE,Application Started,2026-08-17,Yes,Discussed Ireland university intakes. Student evaluating budget.
LEAD-10331,2026-08-02,No,N/A,Sai Sharma,+918860663162,student_10331@gmail.com,BR-WL-15,WhiteLabel Branch 15,WhiteLabel,CNS-052,Manish Chauhan,+919545098869,Walk-in,USA,Germany,Duolingo,Follow-up Stage,2026-08-27,Yes,"Detailed counseling given regarding loan options, visa requirements and university choices."
LEAD-10332,2026-08-02,No,N/A,Vivaan Shah,+918222722206,student_10332@gmail.com,BR-WL-10,WhiteLabel Branch 10,WhiteLabel,CNS-054,Rohan Trivedi,+919836043811,Education Fair,Australia,Ireland,Duolingo,Application Started,2026-08-17,Yes,Discussed Australia university intakes. Student evaluating budget.
LEAD-10333,2026-08-02,No,N/A,Harsh Shah,+919037405653,student_10333@gmail.com,BR-WL-11,WhiteLabel Branch 11,WhiteLabel,CNS-063,Alok Sharma,+919997413271,Website Form,Australia,Germany,IELTS,Follow-up Stage,2026-08-27,Yes,Discussed Australia university intakes. Student evaluating budget.
LEAD-10334,2026-08-02,No,N/A,Pooja Trivedi,+918481003938,student_10334@gmail.com,BR-OFF-01,Official Branch 01,Official,CNS-086,Bhavna Trivedi,+919897677788,Meta Campaign,Germany,Ireland,No,Follow-up Stage,2026-08-27,Yes,Discussed Germany university intakes. Student evaluating budget.
LEAD-10335,2026-08-02,No,N/A,Daxesh Verma,+918319232998,student_10335@gmail.com,BR-WL-09,WhiteLabel Branch 09,WhiteLabel,CNS-072,Sachin Verma,+919076082500,Education Fair,Canada,UK,GRE,Inquiry,2026-08-17,No,
LEAD-10336,2026-08-02,No,N/A,Deep Shah,+918160771884,student_10336@gmail.com,BR-OFF-04,Official Branch 04,Official,CNS-097,Preeti Trivedi,+919169042105,Walk-in,USA,UK,PTE,Inquiry,2026-08-09,No,
LEAD-10337,2026-08-02,No,N/A,Ananya Mehta,+918169287416,student_10337@gmail.com,BR-OFF-05,Official Branch 05,Official,CNS-059,Rajesh Gupta,+919876198296,Walk-in,New Zealand,Germany,Duolingo,Application Started,2026-08-17,Yes,Discussed New Zealand university intakes. Student evaluating budget.
LEAD-10338,2026-08-02,No,N/A,Aarav Sharma,+918866380069,student_10338@gmail.com,BR-WL-25,WhiteLabel Branch 25,WhiteLabel,CNS-053,Anjali Mehta,+919401486939,Website Form,Germany,Ireland,IELTS,Follow-up Stage,2026-08-27,Yes,"Detailed counseling given regarding loan options, visa requirements and university choices."
LEAD-10339,2026-08-02,No,N/A,Reyansh Rathod,+919441980235,student_10339@gmail.com,BR-OFF-05,Official Branch 05,Official,CNS-059,Rajesh Gupta,+919876198296,Meta Campaign,USA,Canada,GRE,Follow-up Stage,2026-08-17,Yes,"Detailed counseling given regarding loan options, visa requirements and university choices."
LEAD-10340,2026-08-02,No,N/A,Meera Gupta,+918244863304,student_10340@gmail.com,BR-OFF-07,Official Branch 07,Official,CNS-013,Amit Patel,+919407943839,Referral,UK,Canada,PTE,Application Started,2026-08-27,Yes,Discussed UK university intakes. Student evaluating budget.
LEAD-10341,2026-08-02,No,N/A,Vihaan Patel,+918352520964,student_10341@gmail.com,BR-OFF-13,Official Branch 13,Official,CNS-064,Monika Bhatt,+919740739735,Google Ads,New Zealand,Ireland,Duolingo,Follow-up Stage,2026-08-27,Yes,Discussed New Zealand university intakes. Student evaluating budget.
LEAD-10342,2026-08-02,No,N/A,Reyansh Gupta,+919770716541,student_10342@gmail.com,BR-WL-17,WhiteLabel Branch 17,WhiteLabel,CNS-025,Bhavna Patel,+919654049436,Referral,USA,Canada,Duolingo,Dropped,2026-08-27,Yes,No Response
LEAD-10343,2026-08-02,No,N/A,Pari Rathod,+919265546817,student_10343@gmail.com,BR-WL-19,WhiteLabel Branch 19,WhiteLabel,CNS-065,Deepa Joshi,+919428414718,Google Ads,Australia,Canada,No,Follow-up Stage,2026-08-27,Yes,Spoke with student. Student stated financial issue and dropped abroad plan.
LEAD-10344,2026-08-02,No,N/A,Chiara Singh,+919677359740,student_10344@gmail.com,BR-OFF-14,Official Branch 14,Official,CNS-023,Rohan Verma,+919381469012,Referral,Germany,UK,GRE,Dropped,2026-08-27,Yes,Planning in India
LEAD-10345,2026-08-02,No,N/A,Prisha Mehta,+918587542674,student_10345@gmail.com,BR-WL-17,WhiteLabel Branch 17,WhiteLabel,CNS-051,Preeti Patel,+919934712197,Meta Campaign,USA,Germany,GRE,Dropped,2026-08-27,Yes,No Response
LEAD-10346,2026-08-02,No,N/A,Deep Joshi,+919528738538,student_10346@gmail.com,BR-OFF-21,Official Branch 21,Official,CNS-095,Karan Shah,+919803132646,Education Fair,Ireland,UK,GRE,Dropped,2026-08-27,Yes,Planning in India
LEAD-10347,2026-08-02,No,N/A,Sai Singh,+919164991568,student_10347@gmail.com,BR-WL-01,WhiteLabel Branch 01,WhiteLabel,CNS-089,Megha Shah,+919176777762,Referral,USA,New Zealand,IELTS,Follow-up Stage,2026-08-27,Yes,"Detailed counseling given regarding loan options, visa requirements and university choices."
LEAD-10348,2026-08-02,No,N/A,Harsh Singh,+918614025655,student_10348@gmail.com,BR-OFF-21,Official Branch 21,Official,CNS-055,Pankaj Shah,+919643111853,Website Form,Germany,Canada,IELTS,Follow-up Stage,2026-08-09,Yes,Discussed Germany university intakes. Student evaluating budget.
LEAD-10349,2026-08-02,No,N/A,Sai Desai,+919467569559,student_10349@gmail.com,BR-OFF-14,Official Branch 14,Official,CNS-033,Megha Bhatt,+919337882805,Google Ads,New Zealand,Canada,PTE,Application Started,2026-08-27,Yes,Discussed New Zealand university intakes. Student evaluating budget.
LEAD-10350,2026-08-02,No,N/A,Rohan Singh,+919857232952,student_10350@gmail.com,BR-WL-26,WhiteLabel Branch 26,WhiteLabel,CNS-029,Vikram Chauhan,+919348195935,Referral,Ireland,Germany,Duolingo,Dropped,2026-08-27,Yes,Competitor Joined
LEAD-10351,2026-08-02,No,N/A,Aadhya Rathod,+918671419303,student_10351@gmail.com,BR-OFF-03,Official Branch 03,Official,CNS-071,Rahul Sharma,+919072370545,Website Form,Canada,New Zealand,PTE,Follow-up Stage,2026-08-17,Yes,Discussed Canada university intakes. Student evaluating budget.
LEAD-10352,2026-08-02,No,N/A,Pooja Trivedi,+918421914142,student_10352@gmail.com,BR-OFF-08,Official Branch 08,Official,CNS-100,Sachin Sharma,+919433550699,Referral,UK,Australia,Duolingo,Follow-up Stage,2026-08-27,Yes,Discussed UK university intakes. Student evaluating budget.
LEAD-10353,2026-08-02,No,N/A,Ananya Patel,+918920213520,student_10353@gmail.com,BR-WL-11,WhiteLabel Branch 11,WhiteLabel,CNS-036,Vikram Bhatt,+919602764446,Education Fair,USA,UK,GRE,Inquiry,2026-08-17,No,
LEAD-10354,2026-08-02,Yes,2026-06-11,Daxesh Verma,+917890505735,student_repeat_29@gmail.com,BR-OFF-15,Official Branch 15,Official,CNS-020,Vikram Joshi,+919085675980,Website Form,UK,Australia,No,Dropped,2026-08-27,Yes,Planning in India
LEAD-10355,2026-08-02,No,N/A,Saanvi Sharma,+919683694704,student_10355@gmail.com,BR-WL-23,WhiteLabel Branch 23,WhiteLabel,CNS-091,Manish Desai,+919747959430,Meta Campaign,Germany,UK,GRE,Inquiry,2026-08-27,No,
LEAD-10356,2026-08-02,No,N/A,Riya Singh,+918866331553,student_10356@gmail.com,BR-OFF-22,Official Branch 22,Official,CNS-012,Kavita Sharma,+919819795579,Meta Campaign,UK,USA,PTE,Dropped,2026-08-17,Yes,No Response
LEAD-10357,2026-08-02,No,N/A,Daxesh Patel,+918246363511,student_10357@gmail.com,BR-OFF-01,Official Branch 01,Official,CNS-086,Bhavna Trivedi,+919897677788,Meta Campaign,Australia,UK,No,Inquiry,2026-08-09,No,
LEAD-10358,2026-08-02,No,N/A,Vihaan Verma,+918551024021,student_10358@gmail.com,BR-WL-17,WhiteLabel Branch 17,WhiteLabel,CNS-070,Pooja Patel,+919760038427,Referral,USA,Canada,No,Follow-up Stage,2026-08-17,Yes,"Detailed counseling given regarding loan options, visa requirements and university choices."
LEAD-10359,2026-08-02,No,N/A,Ishaan Rathod,+918413417212,student_10359@gmail.com,BR-WL-01,WhiteLabel Branch 01,WhiteLabel,CNS-042,Alok Rathod,+919068212356,Education Fair,Canada,UK,GRE,Inquiry,2026-08-27,No,
LEAD-10360,2026-08-02,Yes,2026-06-13,Ayaan Rathod,+917110373808,student_repeat_42@gmail.com,BR-OFF-08,Official Branch 08,Official,CNS-100,Sachin Sharma,+919433550699,Google Ads,New Zealand,Ireland,Duolingo,Follow-up Stage,2026-08-09,Yes,"Detailed counseling given regarding loan options, visa requirements and university choices."
LEAD-10361,2026-08-02,No,N/A,Aditya Rathod,+918330185454,student_10361@gmail.com,BR-WL-14,WhiteLabel Branch 14,WhiteLabel,CNS-004,Megha Trivedi,+919093349856,Walk-in,Ireland,USA,IELTS,Application Started,2026-08-09,Yes,Discussed Ireland university intakes. Student evaluating budget.
LEAD-10362,2026-08-02,No,N/A,Ayaan Desai,+918875384725,student_10362@gmail.com,BR-OFF-12,Official Branch 12,Official,CNS-050,Priya Trivedi,+919818150683,Walk-in,Ireland,Australia,Duolingo,Follow-up Stage,2026-08-17,Yes,Discussed Ireland university intakes. Student evaluating budget.
LEAD-10363,2026-08-02,No,N/A,Prisha Sharma,+919623413008,student_10363@gmail.com,BR-WL-07,WhiteLabel Branch 07,WhiteLabel,CNS-096,Rahul Shah,+919627255918,Education Fair,Canada,New Zealand,IELTS,Application Started,2026-08-27,Yes,Discussed Canada university intakes. Student evaluating budget.
LEAD-10364,2026-08-02,Yes,2026-06-04,Aadhya Patel,+917192587044,student_repeat_48@gmail.com,BR-OFF-04,Official Branch 04,Official,CNS-057,Megha Joshi,+919257109965,Walk-in,Australia,New Zealand,IELTS,Inquiry,2026-08-27,No,
LEAD-10365,2026-08-02,No,N/A,Pooja Verma,+919711051482,student_10365@gmail.com,BR-WL-17,WhiteLabel Branch 17,WhiteLabel,CNS-070,Pooja Patel,+919760038427,Meta Campaign,Ireland,UK,PTE,Follow-up Stage,2026-08-27,Yes,Spoke with student. Student stated financial issue and dropped abroad plan.
LEAD-10366,2026-08-02,No,N/A,Aarav Singh,+919878547679,student_10366@gmail.com,BR-WL-09,WhiteLabel Branch 09,WhiteLabel,CNS-072,Sachin Verma,+919076082500,Google Ads,Canada,UK,IELTS,Inquiry,2026-08-17,No,
LEAD-10367,2026-08-02,No,N/A,Aditya Desai,+918451085146,student_10367@gmail.com,BR-WL-07,WhiteLabel Branch 07,WhiteLabel,CNS-096,Rahul Shah,+919627255918,Referral,Ireland,USA,GRE,Inquiry,2026-08-27,No,
LEAD-10368,2026-08-02,No,N/A,Arjun Shah,+918395121364,student_10368@gmail.com,BR-WL-26,WhiteLabel Branch 26,WhiteLabel,CNS-029,Vikram Chauhan,+919348195935,Education Fair,New Zealand,USA,GRE,Dropped,2026-08-27,Yes,None
LEAD-10369,2026-08-02,No,N/A,Riya Gupta,+919384427979,student_10369@gmail.com,BR-OFF-03,Official Branch 03,Official,CNS-071,Rahul Sharma,+919072370545,Website Form,USA,New Zealand,IELTS,Dropped,2026-08-09,Yes,Opted for Job
LEAD-10370,2026-08-02,Yes,2026-06-26,Saanvi Mehta,+917732363533,student_repeat_41@gmail.com,BR-OFF-07,Official Branch 07,Official,CNS-013,Amit Patel,+919407943839,Meta Campaign,Germany,Canada,GRE,Dropped,2026-08-17,Yes,Competitor Joined
LEAD-10371,2026-08-02,No,N/A,Avani Trivedi,+918782743683,student_10371@gmail.com,BR-WL-20,WhiteLabel Branch 20,WhiteLabel,CNS-041,Kavita Chauhan,+919171779360,Walk-in,UK,Canada,PTE,Dropped,2026-08-09,Yes,Competitor Joined
LEAD-10372,2026-08-02,No,N/A,Arjun Rathod,+919574047088,student_10372@gmail.com,BR-WL-10,WhiteLabel Branch 10,WhiteLabel,CNS-043,Neha Rathod,+919502564736,Walk-in,Australia,Germany,PTE,Follow-up Stage,2026-08-17,Yes,"Detailed counseling given regarding loan options, visa requirements and university choices."
LEAD-10373,2026-08-02,No,N/A,Aditya Desai,+919844073526,student_10373@gmail.com,BR-OFF-13,Official Branch 13,Official,CNS-018,Nikhil Verma,+919619927151,Education Fair,UK,Australia,IELTS,Dropped,2026-08-09,Yes,Spoke with student. Student stated financial issue and dropped abroad plan.
LEAD-10374,2026-08-02,No,N/A,Avani Verma,+919651844967,student_10374@gmail.com,BR-WL-03,WhiteLabel Branch 03,WhiteLabel,CNS-076,Vikram Gupta,+919867043303,Google Ads,Canada,Ireland,PTE,Inquiry,2026-08-27,No,
LEAD-10375,2026-08-02,No,N/A,Karan Shah,+918785589533,student_10375@gmail.com,BR-WL-17,WhiteLabel Branch 17,WhiteLabel,CNS-051,Preeti Patel,+919934712197,Google Ads,New Zealand,Germany,PTE,Follow-up Stage,2026-08-27,Yes,Discussed New Zealand university intakes. Student evaluating budget.
LEAD-10376,2026-08-02,No,N/A,Rohan Mehta,+919821027122,student_10376@gmail.com,BR-WL-20,WhiteLabel Branch 20,WhiteLabel,CNS-079,Swati Bhatt,+919058165865,Referral,UK,Ireland,GRE,Inquiry,2026-08-09,No,
LEAD-10377,2026-08-02,No,N/A,Avani Rathod,+919873024830,student_10377@gmail.com,BR-WL-19,WhiteLabel Branch 19,WhiteLabel,CNS-019,Deepa Patel,+919049203558,Referral,Ireland,Australia,PTE,Follow-up Stage,2026-08-17,Yes,Discussed Ireland university intakes. Student evaluating budget.
LEAD-10378,2026-08-02,No,N/A,Rohan Mehta,+919112150062,student_10378@gmail.com,BR-OFF-08,Official Branch 08,Official,CNS-047,Monika Chauhan,+919365260635,Walk-in,Australia,Germany,IELTS,Follow-up Stage,2026-08-27,Yes,Discussed Australia university intakes. Student evaluating budget.
LEAD-10379,2026-08-02,No,N/A,Harsh Desai,+919242601544,student_10379@gmail.com,BR-WL-17,WhiteLabel Branch 17,WhiteLabel,CNS-070,Pooja Patel,+919760038427,Education Fair,UK,Germany,Duolingo,Follow-up Stage,2026-08-27,Yes,Discussed UK university intakes. Student evaluating budget.
LEAD-10380,2026-08-02,No,N/A,Neha Mehta,+919108899965,student_10380@gmail.com,BR-WL-15,WhiteLabel Branch 15,WhiteLabel,CNS-052,Manish Chauhan,+919545098869,Meta Campaign,New Zealand,USA,Duolingo,Follow-up Stage,2026-08-27,Yes,"Detailed counseling given regarding loan options, visa requirements and university choices."
LEAD-10381,2026-08-02,Yes,2026-06-26,Pari Trivedi,+917604509817,student_repeat_10@gmail.com,BR-OFF-11,Official Branch 11,Official,CNS-010,Mayank Shah,+919814763202,Education Fair,Ireland,USA,GRE,Dropped,2026-08-09,Yes,Competitor Joined
LEAD-10382,2026-08-02,No,N/A,Simran Joshi,+919546737249,student_10382@gmail.com,BR-WL-06,WhiteLabel Branch 06,WhiteLabel,CNS-015,Mayank Shah,+919783543540,Walk-in,Ireland,Australia,Duolingo,Application Started,2026-08-09,Yes,Discussed Ireland university intakes. Student evaluating budget.
LEAD-10383,2026-08-02,Yes,2026-06-15,Meera Shah,+917585823118,student_repeat_36@gmail.com,BR-OFF-18,Official Branch 18,Official,CNS-021,Sachin Patel,+919408157429,Google Ads,Ireland,Germany,IELTS,Follow-up Stage,2026-08-09,Yes,"Detailed counseling given regarding loan options, visa requirements and university choices."
LEAD-10384,2026-08-02,No,N/A,Myra Verma,+919287110468,student_10384@gmail.com,BR-WL-08,WhiteLabel Branch 08,WhiteLabel,CNS-073,Vikram Joshi,+919718309417,Referral,Canada,New Zealand,PTE,Inquiry,2026-08-09,No,
LEAD-10385,2026-08-02,No,N/A,Ayaan Verma,+919290291326,student_10385@gmail.com,BR-WL-19,WhiteLabel Branch 19,WhiteLabel,CNS-019,Deepa Patel,+919049203558,Education Fair,New Zealand,UK,No,Dropped,2026-08-17,Yes,Spoke with student. Student stated financial issue and dropped abroad plan.
LEAD-10386,2026-08-02,No,N/A,Diya Gupta,+919281045645,student_10386@gmail.com,BR-WL-03,WhiteLabel Branch 03,WhiteLabel,CNS-076,Vikram Gupta,+919867043303,Website Form,UK,Germany,Duolingo,Dropped,2026-08-09,Yes,None
LEAD-10387,2026-08-02,No,N/A,Arjun Trivedi,+918206799620,student_10387@gmail.com,BR-OFF-14,Official Branch 14,Official,CNS-023,Rohan Verma,+919381469012,Walk-in,Germany,Ireland,IELTS,Follow-up Stage,2026-08-27,Yes,"Detailed counseling given regarding loan options, visa requirements and university choices."
LEAD-10388,2026-08-02,No,N/A,Arjun Trivedi,+919158107837,student_10388@gmail.com,BR-WL-24,WhiteLabel Branch 24,WhiteLabel,CNS-001,Bhavna Patel,+919026855092,Referral,Ireland,Australia,No,Inquiry,2026-08-09,No,
LEAD-10389,2026-08-02,No,N/A,Aadhya Mehta,+919722926548,student_10389@gmail.com,BR-WL-15,WhiteLabel Branch 15,WhiteLabel,CNS-062,Rohan Joshi,+919566585408,Walk-in,USA,Ireland,No,Application Started,2026-08-09,Yes,Discussed USA university intakes. Student evaluating budget.
LEAD-10390,2026-08-02,No,N/A,Ishaan Trivedi,+919882841320,student_10390@gmail.com,BR-WL-17,WhiteLabel Branch 17,WhiteLabel,CNS-070,Pooja Patel,+919760038427,Walk-in,USA,UK,IELTS,Dropped,2026-08-09,Yes,Spoke with student. Student stated financial issue and dropped abroad plan.
LEAD-10391,2026-08-02,No,N/A,Ananya Rathod,+918441133291,student_10391@gmail.com,BR-WL-01,WhiteLabel Branch 01,WhiteLabel,CNS-089,Megha Shah,+919176777762,Meta Campaign,Australia,USA,IELTS,Application Started,2026-08-27,Yes,Discussed Australia university intakes. Student evaluating budget.
LEAD-10392,2026-08-02,No,N/A,Avani Joshi,+919314003750,student_10392@gmail.com,BR-WL-11,WhiteLabel Branch 11,WhiteLabel,CNS-036,Vikram Bhatt,+919602764446,Referral,Australia,UK,Duolingo,Inquiry,2026-08-27,No,
LEAD-10393,2026-08-02,No,N/A,Saanvi Singh,+919191663067,student_10393@gmail.com,BR-WL-15,WhiteLabel Branch 15,WhiteLabel,CNS-062,Rohan Joshi,+919566585408,Meta Campaign,USA,Ireland,PTE,Follow-up Stage,2026-08-17,Yes,"Detailed counseling given regarding loan options, visa requirements and university choices."
LEAD-10394,2026-08-02,No,N/A,Simran Shah,+918215346698,student_10394@gmail.com,BR-WL-12,WhiteLabel Branch 12,WhiteLabel,CNS-028,Pankaj Chauhan,+919738908273,Education Fair,Australia,USA,No,Dropped,2026-08-27,Yes,Spoke with student. Student stated financial issue and dropped abroad plan.
LEAD-10395,2026-08-02,No,N/A,Daxesh Patel,+919727370059,student_10395@gmail.com,BR-OFF-22,Official Branch 22,Official,CNS-012,Kavita Sharma,+919819795579,Google Ads,Australia,Ireland,Duolingo,Application Started,2026-08-17,Yes,Discussed Australia university intakes. Student evaluating budget.
LEAD-10396,2026-08-02,Yes,2026-06-04,Ishaan Trivedi,+917226161867,student_repeat_24@gmail.com,BR-WL-15,WhiteLabel Branch 15,WhiteLabel,CNS-052,Manish Chauhan,+919545098869,Education Fair,Ireland,Germany,PTE,Dropped,2026-08-27,Yes,Spoke with student. Student stated financial issue and dropped abroad plan.
LEAD-10397,2026-08-02,No,N/A,Harsh Shah,+919375015121,student_10397@gmail.com,BR-OFF-13,Official Branch 13,Official,CNS-064,Monika Bhatt,+919740739735,Walk-in,Canada,USA,No,Dropped,2026-08-09,Yes,No Response
LEAD-10398,2026-08-02,No,N/A,Sai Rathod,+918077440697,student_10398@gmail.com,BR-OFF-08,Official Branch 08,Official,CNS-047,Monika Chauhan,+919365260635,Google Ads,Ireland,Canada,GRE,Application Started,2026-08-17,Yes,Discussed Ireland university intakes. Student evaluating budget.
LEAD-10399,2026-08-02,No,N/A,Avani Mehta,+919111843986,student_10399@gmail.com,BR-OFF-09,Official Branch 09,Official,CNS-002,Priya Sharma,+919239670711,Referral,Ireland,Canada,IELTS,Inquiry,2026-08-27,No,
LEAD-10400,2026-08-02,No,N/A,Neha Trivedi,+918747528850,student_10400@gmail.com,BR-WL-20,WhiteLabel Branch 20,WhiteLabel,CNS-045,Harish Bhatt,+919122998994,Meta Campaign,UK,Ireland,GRE,Inquiry,2026-08-17,No,
LEAD-10401,2026-08-02,No,N/A,Krishna Shah,+918874314951,student_10401@gmail.com,BR-WL-19,WhiteLabel Branch 19,WhiteLabel,CNS-065,Deepa Joshi,+919428414718,Website Form,Germany,Canada,No,Dropped,2026-08-09,Yes,Planning in India
LEAD-10402,2026-08-02,No,N/A,Krishna Gupta,+918809773736,student_10402@gmail.com,BR-WL-08,WhiteLabel Branch 08,WhiteLabel,CNS-073,Vikram Joshi,+919718309417,Walk-in,New Zealand,UK,PTE,Inquiry,2026-08-17,No,
LEAD-10403,2026-08-02,No,N/A,Aarav Gupta,+918249684279,student_10403@gmail.com,BR-WL-18,WhiteLabel Branch 18,WhiteLabel,CNS-034,Bhavna Gupta,+919424806516,Website Form,Australia,New Zealand,GRE,Follow-up Stage,2026-08-09,Yes,Spoke with student. Student stated financial issue and dropped abroad plan.
LEAD-10404,2026-08-02,No,N/A,Saanvi Singh,+919150303714,student_10404@gmail.com,BR-OFF-09,Official Branch 09,Official,CNS-002,Priya Sharma,+919239670711,Referral,New Zealand,USA,GRE,Dropped,2026-08-17,Yes,None
LEAD-10405,2026-08-02,No,N/A,Sai Gupta,+918674036669,student_10405@gmail.com,BR-OFF-18,Official Branch 18,Official,CNS-046,Megha Trivedi,+919806248900,Google Ads,Germany,USA,GRE,Inquiry,2026-08-27,No,
LEAD-10406,2026-08-02,No,N/A,Ayaan Mehta,+919874200240,student_10406@gmail.com,BR-WL-18,WhiteLabel Branch 18,WhiteLabel,CNS-034,Bhavna Gupta,+919424806516,Google Ads,UK,USA,GRE,Follow-up Stage,2026-08-17,Yes,"Detailed counseling given regarding loan options, visa requirements and university choices."
LEAD-10407,2026-08-02,No,N/A,Rohan Rathod,+919057989730,student_10407@gmail.com,BR-WL-20,WhiteLabel Branch 20,WhiteLabel,CNS-079,Swati Bhatt,+919058165865,Website Form,New Zealand,Germany,IELTS,Follow-up Stage,2026-08-17,Yes,"Detailed counseling given regarding loan options, visa requirements and university choices."
LEAD-10408,2026-08-02,No,N/A,Jignesh Trivedi,+919865666876,student_10408@gmail.com,BR-WL-11,WhiteLabel Branch 11,WhiteLabel,CNS-036,Vikram Bhatt,+919602764446,Walk-in,UK,Ireland,PTE,Follow-up Stage,2026-08-27,Yes,Discussed UK university intakes. Student evaluating budget.
LEAD-10409,2026-08-02,No,N/A,Riya Patel,+919079057296,student_10409@gmail.com,BR-WL-20,WhiteLabel Branch 20,WhiteLabel,CNS-045,Harish Bhatt,+919122998994,Walk-in,New Zealand,Ireland,GRE,Inquiry,2026-08-09,No,
LEAD-10410,2026-08-02,No,N/A,Pari Joshi,+919480068393,student_10410@gmail.com,BR-OFF-09,Official Branch 09,Official,CNS-002,Priya Sharma,+919239670711,Website Form,Ireland,UK,Duolingo,Inquiry,2026-08-17,No,
LEAD-10411,2026-08-02,No,N/A,Deep Desai,+918401906802,student_10411@gmail.com,BR-OFF-03,Official Branch 03,Official,CNS-071,Rahul Sharma,+919072370545,Meta Campaign,UK,Australia,Duolingo,Inquiry,2026-08-17,No,
LEAD-10412,2026-08-02,No,N/A,Aadhya Joshi,+918783999006,student_10412@gmail.com,BR-WL-15,WhiteLabel Branch 15,WhiteLabel,CNS-052,Manish Chauhan,+919545098869,Meta Campaign,Australia,UK,No,Follow-up Stage,2026-08-27,Yes,Discussed Australia university intakes. Student evaluating budget.
LEAD-10413,2026-08-02,No,N/A,Ayaan Singh,+918928182688,student_10413@gmail.com,BR-WL-23,WhiteLabel Branch 23,WhiteLabel,CNS-049,Pooja Bhatt,+919940439931,Google Ads,UK,New Zealand,GRE,Inquiry,2026-08-09,No,
LEAD-10414,2026-08-02,No,N/A,Chiara Shah,+919824050944,student_10414@gmail.com,BR-OFF-07,Official Branch 07,Official,CNS-081,Neha Bhatt,+919364323393,Education Fair,Germany,New Zealand,PTE,Follow-up Stage,2026-08-17,Yes,"Detailed counseling given regarding loan options, visa requirements and university choices."
LEAD-10415,2026-08-02,No,N/A,Ananya Sharma,+919482930177,student_10415@gmail.com,BR-OFF-18,Official Branch 18,Official,CNS-021,Sachin Patel,+919408157429,Website Form,UK,Australia,Duolingo,Follow-up Stage,2026-08-09,Yes,"Detailed counseling given regarding loan options, visa requirements and university choices."
LEAD-10416,2026-08-02,No,N/A,Riya Singh,+919739495871,student_10416@gmail.com,BR-OFF-14,Official Branch 14,Official,CNS-033,Megha Bhatt,+919337882805,Meta Campaign,Canada,Germany,IELTS,Follow-up Stage,2026-08-27,Yes,Discussed Canada university intakes. Student evaluating budget.
LEAD-10417,2026-08-02,No,N/A,Ishaan Joshi,+918698126074,student_10417@gmail.com,BR-WL-03,WhiteLabel Branch 03,WhiteLabel,CNS-087,Sneha Sharma,+919178575192,Education Fair,Australia,New Zealand,Duolingo,Follow-up Stage,2026-08-17,Yes,"Detailed counseling given regarding loan options, visa requirements and university choices."
LEAD-10418,2026-08-02,No,N/A,Arjun Shah,+919375636472,student_10418@gmail.com,BR-OFF-01,Official Branch 01,Official,CNS-044,Priya Trivedi,+919924255163,Walk-in,Ireland,Germany,No,Inquiry,2026-08-09,No,
LEAD-10419,2026-08-02,Yes,2026-06-26,Jignesh Shah,+917283968123,student_repeat_21@gmail.com,BR-WL-20,WhiteLabel Branch 20,WhiteLabel,CNS-041,Kavita Chauhan,+919171779360,Meta Campaign,Ireland,USA,PTE,Follow-up Stage,2026-08-17,Yes,Spoke with student. Student stated financial issue and dropped abroad plan.
LEAD-10420,2026-08-02,No,N/A,Karan Joshi,+919606093348,student_10420@gmail.com,BR-WL-03,WhiteLabel Branch 03,WhiteLabel,CNS-076,Vikram Gupta,+919867043303,Education Fair,Australia,Germany,GRE,Dropped,2026-08-09,Yes,Dropped Plan
LEAD-10421,2026-08-02,No,N/A,Aditya Mehta,+918358437500,student_10421@gmail.com,BR-WL-17,WhiteLabel Branch 17,WhiteLabel,CNS-051,Preeti Patel,+919934712197,Website Form,Canada,UK,Duolingo,Inquiry,2026-08-09,No,
LEAD-10422,2026-08-02,No,N/A,Myra Sharma,+918223184545,student_10422@gmail.com,BR-WL-18,WhiteLabel Branch 18,WhiteLabel,CNS-034,Bhavna Gupta,+919424806516,Education Fair,UK,Canada,Duolingo,Application Started,2026-08-09,Yes,Discussed UK university intakes. Student evaluating budget.
LEAD-10423,2026-08-02,Yes,2026-06-07,Pari Singh,+917757704655,student_repeat_33@gmail.com,BR-OFF-24,Official Branch 24,Official,CNS-022,Swati Chauhan,+919895619255,Website Form,Canada,New Zealand,PTE,Follow-up Stage,2026-08-17,Yes,"Detailed counseling given regarding loan options, visa requirements and university choices."
LEAD-10424,2026-08-02,No,N/A,Krishna Singh,+918955297231,student_10424@gmail.com,BR-OFF-13,Official Branch 13,Official,CNS-018,Nikhil Verma,+919619927151,Referral,Germany,UK,No,Inquiry,2026-08-27,No,
LEAD-10425,2026-08-02,No,N/A,Jignesh Trivedi,+918934106793,student_10425@gmail.com,BR-WL-14,WhiteLabel Branch 14,WhiteLabel,CNS-068,Sneha Verma,+919022585366,Referral,Ireland,Germany,PTE,Inquiry,2026-08-17,No,
LEAD-10426,2026-08-02,Yes,2026-06-22,Rohan Singh,+917321455482,student_repeat_19@gmail.com,BR-WL-25,WhiteLabel Branch 25,WhiteLabel,CNS-053,Anjali Mehta,+919401486939,Meta Campaign,UK,Australia,IELTS,Application Started,2026-08-09,Yes,Discussed UK university intakes. Student evaluating budget.
LEAD-10427,2026-08-02,Yes,2026-06-03,Diya Shah,+917684095277,student_repeat_31@gmail.com,BR-OFF-04,Official Branch 04,Official,CNS-097,Preeti Trivedi,+919169042105,Walk-in,USA,Canada,Duolingo,Follow-up Stage,2026-08-27,Yes,"Detailed counseling given regarding loan options, visa requirements and university choices."
LEAD-10428,2026-08-02,No,N/A,Aadhya Singh,+918938678776,student_10428@gmail.com,BR-WL-17,WhiteLabel Branch 17,WhiteLabel,CNS-051,Preeti Patel,+919934712197,Google Ads,UK,New Zealand,Duolingo,Follow-up Stage,2026-08-09,Yes,"Detailed counseling given regarding loan options, visa requirements and university choices."
LEAD-10429,2026-08-02,No,N/A,Myra Trivedi,+919734253973,student_10429@gmail.com,BR-WL-01,WhiteLabel Branch 01,WhiteLabel,CNS-089,Megha Shah,+919176777762,Referral,USA,Australia,No,Follow-up Stage,2026-08-17,Yes,"Detailed counseling given regarding loan options, visa requirements and university choices."
LEAD-10430,2026-08-02,Yes,2026-06-13,Ananya Shah,+917721221887,student_repeat_7@gmail.com,BR-OFF-05,Official Branch 05,Official,CNS-059,Rajesh Gupta,+919876198296,Education Fair,Australia,USA,No,Inquiry,2026-08-17,No,
LEAD-10431,2026-08-02,Yes,2026-06-16,Rohan Trivedi,+917606907788,student_repeat_3@gmail.com,BR-WL-24,WhiteLabel Branch 24,WhiteLabel,CNS-003,Rajesh Patel,+919726600539,Google Ads,Canada,Australia,PTE,Follow-up Stage,2026-08-17,Yes,Discussed Canada university intakes. Student evaluating budget.
LEAD-10432,2026-08-02,No,N/A,Chiara Mehta,+918734252268,student_10432@gmail.com,BR-WL-10,WhiteLabel Branch 10,WhiteLabel,CNS-054,Rohan Trivedi,+919836043811,Meta Campaign,New Zealand,Australia,PTE,Inquiry,2026-08-09,No,
LEAD-10433,2026-08-02,No,N/A,Harsh Shah,+918120341432,student_10433@gmail.com,BR-OFF-09,Official Branch 09,Official,CNS-035,Swati Mehta,+919284412919,Walk-in,Canada,Ireland,Duolingo,Application Started,2026-08-17,Yes,Discussed Canada university intakes. Student evaluating budget.
LEAD-10434,2026-08-02,No,N/A,Meera Mehta,+918826347184,student_10434@gmail.com,BR-WL-20,WhiteLabel Branch 20,WhiteLabel,CNS-099,Sneha Rathod,+919072972420,Walk-in,UK,New Zealand,IELTS,Follow-up Stage,2026-08-27,Yes,Discussed UK university intakes. Student evaluating budget.
LEAD-10435,2026-08-02,No,N/A,Chiara Verma,+919463386229,student_10435@gmail.com,BR-OFF-08,Official Branch 08,Official,CNS-040,Sneha Shah,+919924602213,Meta Campaign,UK,New Zealand,IELTS,Dropped,2026-08-27,Yes,Spoke with student. Student stated financial issue and dropped abroad plan.
LEAD-10436,2026-08-02,No,N/A,Daxesh Desai,+918426755746,student_10436@gmail.com,BR-OFF-08,Official Branch 08,Official,CNS-047,Monika Chauhan,+919365260635,Website Form,New Zealand,Ireland,GRE,Inquiry,2026-08-09,No,
LEAD-10437,2026-08-02,Yes,2026-06-15,Ishaan Trivedi,+917866616964,student_repeat_17@gmail.com,BR-WL-01,WhiteLabel Branch 01,WhiteLabel,CNS-016,Karan Patel,+919990307112,Walk-in,New Zealand,UK,IELTS,Inquiry,2026-08-27,No,
LEAD-10438,2026-08-02,No,N/A,Saanvi Sharma,+918534126987,student_10438@gmail.com,BR-OFF-18,Official Branch 18,Official,CNS-021,Sachin Patel,+919408157429,Walk-in,Canada,New Zealand,No,Follow-up Stage,2026-08-27,Yes,Discussed Canada university intakes. Student evaluating budget.
LEAD-10439,2026-08-02,No,N/A,Riya Sharma,+918270212409,student_10439@gmail.com,BR-WL-11,WhiteLabel Branch 11,WhiteLabel,CNS-063,Alok Sharma,+919997413271,Google Ads,USA,Ireland,PTE,Follow-up Stage,2026-08-17,Yes,"Detailed counseling given regarding loan options, visa requirements and university choices."
LEAD-10440,2026-08-02,No,N/A,Pooja Shah,+918538366077,student_10440@gmail.com,BR-WL-15,WhiteLabel Branch 15,WhiteLabel,CNS-006,Anjali Sharma,+919542621108,Walk-in,Ireland,Australia,No,Follow-up Stage,2026-08-27,Yes,Discussed Ireland university intakes. Student evaluating budget.
LEAD-10441,2026-08-02,No,N/A,Pooja Gupta,+918591254770,student_10441@gmail.com,BR-WL-19,WhiteLabel Branch 19,WhiteLabel,CNS-077,Anjali Patel,+919104078666,Education Fair,UK,Canada,No,Application Started,2026-08-17,Yes,Discussed UK university intakes. Student evaluating budget.
LEAD-10442,2026-08-02,No,N/A,Karan Rathod,+919086535957,student_10442@gmail.com,BR-WL-23,WhiteLabel Branch 23,WhiteLabel,CNS-049,Pooja Bhatt,+919940439931,Referral,UK,Canada,No,Follow-up Stage,2026-08-27,Yes,"Detailed counseling given regarding loan options, visa requirements and university choices."
LEAD-10443,2026-08-02,Yes,2026-06-07,Aadhya Singh,+917010382761,student_repeat_34@gmail.com,BR-OFF-12,Official Branch 12,Official,CNS-050,Priya Trivedi,+919818150683,Google Ads,Germany,New Zealand,Duolingo,Follow-up Stage,2026-08-09,Yes,"Detailed counseling given regarding loan options, visa requirements and university choices."
LEAD-10444,2026-08-02,No,N/A,Diya Sharma,+918206708830,student_10444@gmail.com,BR-OFF-15,Official Branch 15,Official,CNS-067,Swati Patel,+919266186631,Referral,Canada,UK,GRE,Follow-up Stage,2026-08-09,Yes,Discussed Canada university intakes. Student evaluating budget.
LEAD-10445,2026-08-02,Yes,2026-06-13,Meera Shah,+917585823118,student_repeat_36@gmail.com,BR-OFF-12,Official Branch 12,Official,CNS-050,Priya Trivedi,+919818150683,Referral,Australia,Ireland,No,Dropped,2026-08-17,Yes,Spoke with student. Student stated financial issue and dropped abroad plan.
LEAD-10446,2026-08-02,No,N/A,Prisha Sharma,+918028102198,student_10446@gmail.com,BR-OFF-18,Official Branch 18,Official,CNS-027,Rohan Gupta,+919407437181,Referral,Australia,Canada,Duolingo,Follow-up Stage,2026-08-09,Yes,"Detailed counseling given regarding loan options, visa requirements and university choices."
LEAD-10447,2026-08-02,No,N/A,Aadhya Joshi,+919705637983,student_10447@gmail.com,BR-WL-23,WhiteLabel Branch 23,WhiteLabel,CNS-091,Manish Desai,+919747959430,Website Form,New Zealand,Germany,PTE,Inquiry,2026-08-27,No,
LEAD-10448,2026-08-02,Yes,2026-07-01,Rohan Singh,+917321455482,student_repeat_19@gmail.com,BR-WL-12,WhiteLabel Branch 12,WhiteLabel,CNS-028,Pankaj Chauhan,+919738908273,Education Fair,Canada,UK,GRE,Inquiry,2026-08-09,No,
LEAD-10449,2026-08-02,No,N/A,Rohan Mehta,+919224125093,student_10449@gmail.com,BR-OFF-07,Official Branch 07,Official,CNS-081,Neha Bhatt,+919364323393,Google Ads,Germany,New Zealand,No,Inquiry,2026-08-09,No,
LEAD-10450,2026-08-02,No,N/A,Avani Joshi,+919448461748,student_10450@gmail.com,BR-OFF-05,Official Branch 05,Official,CNS-059,Rajesh Gupta,+919876198296,Referral,Ireland,Australia,IELTS,Application Started,2026-08-09,Yes,Discussed Ireland university intakes. Student evaluating budget.
LEAD-10451,2026-08-02,No,N/A,Riya Trivedi,+918951361386,student_10451@gmail.com,BR-OFF-18,Official Branch 18,Official,CNS-046,Megha Trivedi,+919806248900,Meta Campaign,Germany,USA,PTE,Inquiry,2026-08-27,No,
LEAD-10452,2026-08-02,No,N/A,Pooja Joshi,+919306557769,student_10452@gmail.com,BR-OFF-18,Official Branch 18,Official,CNS-031,Mayank Verma,+919430747414,Education Fair,Germany,UK,Duolingo,Follow-up Stage,2026-08-27,Yes,"Detailed counseling given regarding loan options, visa requirements and university choices."
LEAD-10453,2026-08-02,No,N/A,Ananya Patel,+919559745899,student_10453@gmail.com,BR-OFF-06,Official Branch 06,Official,CNS-005,Alok Shah,+919031994523,Meta Campaign,Germany,Canada,No,Application Started,2026-08-17,Yes,Discussed Germany university intakes. Student evaluating budget.
LEAD-10454,2026-08-02,No,N/A,Aarav Desai,+919188982573,student_10454@gmail.com,BR-WL-10,WhiteLabel Branch 10,WhiteLabel,CNS-066,Bhavna Verma,+919470406376,Education Fair,Germany,Ireland,GRE,Follow-up Stage,2026-08-17,Yes,Discussed Germany university intakes. Student evaluating budget.
LEAD-10455,2026-08-02,No,N/A,Avani Mehta,+918500351123,student_10455@gmail.com,BR-OFF-14,Official Branch 14,Official,CNS-033,Megha Bhatt,+919337882805,Meta Campaign,Canada,Ireland,Duolingo,Inquiry,2026-08-09,No,
LEAD-10456,2026-08-02,No,N/A,Pooja Joshi,+919702748799,student_10456@gmail.com,BR-WL-15,WhiteLabel Branch 15,WhiteLabel,CNS-062,Rohan Joshi,+919566585408,Google Ads,Australia,New Zealand,No,Follow-up Stage,2026-08-09,Yes,"Detailed counseling given regarding loan options, visa requirements and university choices."
LEAD-10457,2026-08-02,No,N/A,Avani Verma,+918168528917,student_10457@gmail.com,BR-OFF-08,Official Branch 08,Official,CNS-100,Sachin Sharma,+919433550699,Website Form,New Zealand,USA,PTE,Follow-up Stage,2026-08-17,Yes,"Detailed counseling given regarding loan options, visa requirements and university choices."
LEAD-10458,2026-08-02,No,N/A,Pooja Rathod,+919824240479,student_10458@gmail.com,BR-WL-03,WhiteLabel Branch 03,WhiteLabel,CNS-078,Alok Verma,+919454814084,Website Form,Ireland,New Zealand,Duolingo,Application Started,2026-08-27,Yes,Discussed Ireland university intakes. Student evaluating budget.
LEAD-10459,2026-08-02,Yes,2026-06-11,Krishna Shah,+917795890631,student_repeat_32@gmail.com,BR-WL-26,WhiteLabel Branch 26,WhiteLabel,CNS-029,Vikram Chauhan,+919348195935,Google Ads,Canada,New Zealand,Duolingo,Inquiry,2026-08-27,No,
LEAD-10460,2026-08-02,No,N/A,Ishaan Verma,+918317854209,student_10460@gmail.com,BR-WL-17,WhiteLabel Branch 17,WhiteLabel,CNS-017,Sneha Trivedi,+919314797776,Meta Campaign,Canada,Germany,No,Follow-up Stage,2026-08-27,Yes,Spoke with student. Student stated financial issue and dropped abroad plan.
LEAD-10461,2026-08-02,No,N/A,Ananya Singh,+918933062553,student_10461@gmail.com,BR-OFF-08,Official Branch 08,Official,CNS-100,Sachin Sharma,+919433550699,Referral,UK,USA,Duolingo,Inquiry,2026-08-17,No,
LEAD-10462,2026-08-02,No,N/A,Avani Mehta,+919205098266,student_10462@gmail.com,BR-WL-20,WhiteLabel Branch 20,WhiteLabel,CNS-079,Swati Bhatt,+919058165865,Referral,Germany,UK,GRE,Dropped,2026-08-17,Yes,No Response
LEAD-10463,2026-08-02,No,N/A,Aadhya Joshi,+918747985438,student_10463@gmail.com,BR-WL-17,WhiteLabel Branch 17,WhiteLabel,CNS-025,Bhavna Patel,+919654049436,Meta Campaign,USA,Ireland,IELTS,Follow-up Stage,2026-08-09,Yes,"Detailed counseling given regarding loan options, visa requirements and university choices."
LEAD-10464,2026-08-02,Yes,2026-06-04,Prisha Sharma,+917450139320,student_repeat_2@gmail.com,BR-OFF-03,Official Branch 03,Official,CNS-030,Monika Shah,+919245938494,Google Ads,Ireland,USA,GRE,Follow-up Stage,2026-08-09,Yes,"Detailed counseling given regarding loan options, visa requirements and university choices."
LEAD-10465,2026-08-02,No,N/A,Neha Shah,+919865631464,student_10465@gmail.com,BR-WL-04,WhiteLabel Branch 04,WhiteLabel,CNS-037,Priya Bhatt,+919627694430,Website Form,USA,New Zealand,IELTS,Application Started,2026-08-17,Yes,Discussed USA university intakes. Student evaluating budget.
LEAD-10466,2026-08-02,No,N/A,Reyansh Singh,+919123704913,student_10466@gmail.com,BR-OFF-04,Official Branch 04,Official,CNS-097,Preeti Trivedi,+919169042105,Meta Campaign,Germany,Australia,No,Dropped,2026-08-09,Yes,Spoke with student. Student stated financial issue and dropped abroad plan.
LEAD-10467,2026-08-02,No,N/A,Jignesh Rathod,+919131292442,student_10467@gmail.com,BR-WL-15,WhiteLabel Branch 15,WhiteLabel,CNS-006,Anjali Sharma,+919542621108,Meta Campaign,UK,Canada,PTE,Application Started,2026-08-27,Yes,Discussed UK university intakes. Student evaluating budget.
LEAD-10468,2026-08-02,No,N/A,Aarav Sharma,+918834609098,student_10468@gmail.com,BR-OFF-04,Official Branch 04,Official,CNS-085,Swati Trivedi,+919105128697,Meta Campaign,Ireland,New Zealand,PTE,Follow-up Stage,2026-08-09,Yes,"Detailed counseling given regarding loan options, visa requirements and university choices."
LEAD-10469,2026-08-02,No,N/A,Myra Sharma,+918677436539,student_10469@gmail.com,BR-WL-11,WhiteLabel Branch 11,WhiteLabel,CNS-063,Alok Sharma,+919997413271,Education Fair,Germany,Canada,GRE,Dropped,2026-08-17,Yes,Financial Issue
LEAD-10470,2026-08-02,No,N/A,Ishaan Joshi,+919052122773,student_10470@gmail.com,BR-WL-17,WhiteLabel Branch 17,WhiteLabel,CNS-051,Preeti Patel,+919934712197,Referral,UK,Canada,PTE,Follow-up Stage,2026-08-17,Yes,Spoke with student. Student stated financial issue and dropped abroad plan.
LEAD-10471,2026-08-02,No,N/A,Myra Desai,+919743526654,student_10471@gmail.com,BR-WL-03,WhiteLabel Branch 03,WhiteLabel,CNS-008,Bhavna Bhatt,+919585126461,Referral,USA,Germany,IELTS,Inquiry,2026-08-17,No,
LEAD-10472,2026-08-02,No,N/A,Rohan Shah,+918188538352,student_10472@gmail.com,BR-WL-24,WhiteLabel Branch 24,WhiteLabel,CNS-094,Anjali Shah,+919621890096,Walk-in,Germany,New Zealand,No,Follow-up Stage,2026-08-27,Yes,"Detailed counseling given regarding loan options, visa requirements and university choices."
LEAD-10473,2026-08-02,No,N/A,Aadhya Desai,+919300019785,student_10473@gmail.com,BR-WL-10,WhiteLabel Branch 10,WhiteLabel,CNS-043,Neha Rathod,+919502564736,Walk-in,Germany,UK,GRE,Dropped,2026-08-27,Yes,Spoke with student. Student stated financial issue and dropped abroad plan.
LEAD-10474,2026-08-02,No,N/A,Ishaan Singh,+918290452525,student_10474@gmail.com,BR-OFF-24,Official Branch 24,Official,CNS-056,Gaurav Shah,+919120117054,Google Ads,Ireland,Germany,GRE,Dropped,2026-08-27,Yes,Financial Issue
LEAD-10475,2026-08-02,No,N/A,Arjun Patel,+919643759174,student_10475@gmail.com,BR-WL-20,WhiteLabel Branch 20,WhiteLabel,CNS-041,Kavita Chauhan,+919171779360,Walk-in,Australia,USA,Duolingo,Follow-up Stage,2026-08-27,Yes,Spoke with student. Student stated financial issue and dropped abroad plan.
LEAD-10476,2026-08-02,No,N/A,Reyansh Sharma,+918282492634,student_10476@gmail.com,BR-WL-20,WhiteLabel Branch 20,WhiteLabel,CNS-024,Harish Joshi,+919753573823,Website Form,New Zealand,Germany,No,Follow-up Stage,2026-08-27,Yes,Discussed New Zealand university intakes. Student evaluating budget.
LEAD-10477,2026-08-02,No,N/A,Saanvi Sharma,+919477772151,student_10477@gmail.com,BR-OFF-08,Official Branch 08,Official,CNS-100,Sachin Sharma,+919433550699,Walk-in,UK,Ireland,No,Inquiry,2026-08-27,No,
LEAD-10478,2026-08-02,No,N/A,Deep Verma,+919055371390,student_10478@gmail.com,BR-WL-12,WhiteLabel Branch 12,WhiteLabel,CNS-061,Kavita Chauhan,+919510330567,Google Ads,UK,USA,GRE,Application Started,2026-08-09,Yes,Discussed UK university intakes. Student evaluating budget.
LEAD-10479,2026-08-02,No,N/A,Reyansh Mehta,+918142026683,student_10479@gmail.com,BR-OFF-14,Official Branch 14,Official,CNS-023,Rohan Verma,+919381469012,Walk-in,New Zealand,Germany,Duolingo,Dropped,2026-08-17,Yes,Spoke with student. Student stated financial issue and dropped abroad plan.
LEAD-10480,2026-08-02,No,N/A,Karan Patel,+919305519642,student_10480@gmail.com,BR-OFF-21,Official Branch 21,Official,CNS-095,Karan Shah,+919803132646,Walk-in,Ireland,USA,Duolingo,Dropped,2026-08-27,Yes,Spoke with student. Student stated financial issue and dropped abroad plan.
LEAD-10481,2026-08-02,No,N/A,Pari Gupta,+919775990669,student_10481@gmail.com,BR-WL-15,WhiteLabel Branch 15,WhiteLabel,CNS-006,Anjali Sharma,+919542621108,Google Ads,Germany,Ireland,Duolingo,Inquiry,2026-08-09,No,
LEAD-10482,2026-08-02,No,N/A,Vivaan Mehta,+918625302923,student_10482@gmail.com,BR-OFF-04,Official Branch 04,Official,CNS-057,Megha Joshi,+919257109965,Walk-in,USA,Australia,Duolingo,Follow-up Stage,2026-08-17,Yes,Discussed USA university intakes. Student evaluating budget.
LEAD-10483,2026-08-02,Yes,2026-06-19,Saanvi Mehta,+917732363533,student_repeat_41@gmail.com,BR-OFF-22,Official Branch 22,Official,CNS-012,Kavita Sharma,+919819795579,Referral,Germany,Canada,GRE,Follow-up Stage,2026-08-27,Yes,"Detailed counseling given regarding loan options, visa requirements and university choices."
LEAD-10484,2026-08-02,No,N/A,Pari Patel,+918384138817,student_10484@gmail.com,BR-OFF-05,Official Branch 05,Official,CNS-059,Rajesh Gupta,+919876198296,Education Fair,Ireland,UK,Duolingo,Dropped,2026-08-17,Yes,Competitor Joined
LEAD-10485,2026-08-02,No,N/A,Aditya Sharma,+919516610313,student_10485@gmail.com,BR-OFF-06,Official Branch 06,Official,CNS-058,Vikram Rathod,+919084564737,Referral,USA,Canada,No,Dropped,2026-08-27,Yes,Spoke with student. Student stated financial issue and dropped abroad plan.
LEAD-10486,2026-08-02,No,N/A,Ananya Patel,+919649826494,student_10486@gmail.com,BR-OFF-24,Official Branch 24,Official,CNS-022,Swati Chauhan,+919895619255,Meta Campaign,Germany,New Zealand,GRE,Dropped,2026-08-09,Yes,Financial Issue
LEAD-10487,2026-08-02,No,N/A,Karan Gupta,+918620151479,student_10487@gmail.com,BR-OFF-07,Official Branch 07,Official,CNS-081,Neha Bhatt,+919364323393,Google Ads,Canada,USA,GRE,Application Started,2026-08-17,Yes,Discussed Canada university intakes. Student evaluating budget.
LEAD-10488,2026-08-02,No,N/A,Simran Patel,+919305635539,student_10488@gmail.com,BR-OFF-13,Official Branch 13,Official,CNS-064,Monika Bhatt,+919740739735,Google Ads,UK,Ireland,Duolingo,Inquiry,2026-08-17,No,
LEAD-10489,2026-08-02,Yes,2026-07-03,Riya Shah,+917461479973,student_repeat_38@gmail.com,BR-WL-13,WhiteLabel Branch 13,WhiteLabel,CNS-032,Sneha Sharma,+919980472440,Education Fair,USA,Ireland,No,Follow-up Stage,2026-08-09,Yes,"Detailed counseling given regarding loan options, visa requirements and university choices."
LEAD-10490,2026-08-02,Yes,2026-07-02,Vihaan Sharma,+917797163846,student_repeat_22@gmail.com,BR-WL-19,WhiteLabel Branch 19,WhiteLabel,CNS-019,Deepa Patel,+919049203558,Website Form,Ireland,Germany,No,Follow-up Stage,2026-08-09,Yes,Discussed Ireland university intakes. Student evaluating budget.
LEAD-10491,2026-08-02,No,N/A,Ishaan Trivedi,+919419324784,student_10491@gmail.com,BR-WL-01,WhiteLabel Branch 01,WhiteLabel,CNS-089,Megha Shah,+919176777762,Referral,Germany,Ireland,No,Dropped,2026-08-17,Yes,Planning in India
LEAD-10492,2026-08-02,No,N/A,Diya Joshi,+918813766059,student_10492@gmail.com,BR-OFF-18,Official Branch 18,Official,CNS-009,Vikram Gupta,+919632719211,Walk-in,New Zealand,Germany,IELTS,Dropped,2026-08-09,Yes,None
LEAD-10493,2026-08-02,No,N/A,Myra Mehta,+919494282466,student_10493@gmail.com,BR-OFF-18,Official Branch 18,Official,CNS-027,Rohan Gupta,+919407437181,Education Fair,Canada,UK,No,Dropped,2026-08-27,Yes,Spoke with student. Student stated financial issue and dropped abroad plan.
LEAD-10494,2026-08-02,No,N/A,Meera Trivedi,+919692614056,student_10494@gmail.com,BR-WL-23,WhiteLabel Branch 23,WhiteLabel,CNS-091,Manish Desai,+919747959430,Meta Campaign,Australia,Ireland,PTE,Application Started,2026-08-27,Yes,Discussed Australia university intakes. Student evaluating budget.
LEAD-10495,2026-08-02,No,N/A,Myra Rathod,+919068890902,student_10495@gmail.com,BR-OFF-13,Official Branch 13,Official,CNS-064,Monika Bhatt,+919740739735,Google Ads,Germany,UK,PTE,Inquiry,2026-08-09,No,
LEAD-10496,2026-08-02,No,N/A,Vihaan Mehta,+919717051362,student_10496@gmail.com,BR-WL-20,WhiteLabel Branch 20,WhiteLabel,CNS-079,Swati Bhatt,+919058165865,Walk-in,Australia,Canada,PTE,Follow-up Stage,2026-08-27,Yes,Discussed Australia university intakes. Student evaluating budget.
LEAD-10497,2026-08-02,No,N/A,Simran Sharma,+918660936523,student_10497@gmail.com,BR-WL-08,WhiteLabel Branch 08,WhiteLabel,CNS-039,Vikram Mehta,+919547099690,Education Fair,Germany,USA,IELTS,Application Started,2026-08-17,Yes,Discussed Germany university intakes. Student evaluating budget.
LEAD-10498,2026-08-02,No,N/A,Diya Joshi,+919444124676,student_10498@gmail.com,BR-WL-15,WhiteLabel Branch 15,WhiteLabel,CNS-062,Rohan Joshi,+919566585408,Walk-in,New Zealand,Canada,GRE,Inquiry,2026-08-27,No,
LEAD-10499,2026-08-02,No,N/A,Deep Singh,+918719642503,student_10499@gmail.com,BR-OFF-09,Official Branch 09,Official,CNS-060,Monika Trivedi,+919822308461,Walk-in,Ireland,Canada,No,Application Started,2026-08-27,Yes,Discussed Ireland university intakes. Student evaluating budget.
LEAD-10500,2026-08-02,Yes,2026-06-12,Meera Shah,+917585823118,student_repeat_36@gmail.com,BR-WL-10,WhiteLabel Branch 10,WhiteLabel,CNS-043,Neha Rathod,+919502564736,Meta Campaign,Canada,USA,PTE,Follow-up Stage,2026-08-17,Yes,"Detailed counseling given regarding loan options, visa requirements and university choices."
LEAD-10501,2026-08-02,No,N/A,Prisha Verma,+918402393149,student_10501@gmail.com,BR-WL-19,WhiteLabel Branch 19,WhiteLabel,CNS-077,Anjali Patel,+919104078666,Website Form,New Zealand,USA,PTE,Follow-up Stage,2026-08-17,Yes,Spoke with student. Student stated financial issue and dropped abroad plan.
LEAD-10502,2026-08-02,Yes,2026-06-22,Ishaan Shah,+917470497096,student_repeat_15@gmail.com,BR-OFF-06,Official Branch 06,Official,CNS-058,Vikram Rathod,+919084564737,Meta Campaign,UK,Ireland,PTE,Follow-up Stage,2026-08-17,Yes,Discussed UK university intakes. Student evaluating budget.
LEAD-10503,2026-08-02,Yes,2026-07-03,Krishna Shah,+917795890631,student_repeat_32@gmail.com,BR-WL-15,WhiteLabel Branch 15,WhiteLabel,CNS-062,Rohan Joshi,+919566585408,Education Fair,UK,USA,PTE,Inquiry,2026-08-27,No,
LEAD-10504,2026-08-02,No,N/A,Arjun Sharma,+919765529010,student_10504@gmail.com,BR-OFF-15,Official Branch 15,Official,CNS-067,Swati Patel,+919266186631,Referral,UK,USA,IELTS,Inquiry,2026-08-27,No,
LEAD-10505,2026-08-02,No,N/A,Vihaan Patel,+918667827295,student_10505@gmail.com,BR-WL-15,WhiteLabel Branch 15,WhiteLabel,CNS-006,Anjali Sharma,+919542621108,Referral,New Zealand,Germany,IELTS,Dropped,2026-08-09,Yes,None
LEAD-10506,2026-08-02,No,N/A,Ishaan Rathod,+918450640182,student_10506@gmail.com,BR-WL-01,WhiteLabel Branch 01,WhiteLabel,CNS-042,Alok Rathod,+919068212356,Google Ads,UK,Australia,PTE,Inquiry,2026-08-17,No,
LEAD-10507,2026-08-02,No,N/A,Krishna Shah,+918338220127,student_10507@gmail.com,BR-WL-11,WhiteLabel Branch 11,WhiteLabel,CNS-036,Vikram Bhatt,+919602764446,Website Form,Canada,Ireland,No,Inquiry,2026-08-09,No,
LEAD-10508,2026-08-02,No,N/A,Riya Joshi,+918582079967,student_10508@gmail.com,BR-WL-19,WhiteLabel Branch 19,WhiteLabel,CNS-019,Deepa Patel,+919049203558,Referral,New Zealand,USA,No,Dropped,2026-08-09,Yes,Planning in India
LEAD-10509,2026-08-02,Yes,2026-06-18,Avani Trivedi,+917042672287,student_repeat_1@gmail.com,BR-WL-03,WhiteLabel Branch 03,WhiteLabel,CNS-087,Sneha Sharma,+919178575192,Website Form,Canada,Germany,IELTS,Dropped,2026-08-17,Yes,No Response
LEAD-10510,2026-08-02,No,N/A,Diya Mehta,+919530938269,student_10510@gmail.com,BR-OFF-12,Official Branch 12,Official,CNS-098,Preeti Patel,+919914122100,Referral,New Zealand,Germany,IELTS,Inquiry,2026-08-17,No,
LEAD-10511,2026-08-02,No,N/A,Neha Gupta,+918208870698,student_10511@gmail.com,BR-OFF-05,Official Branch 05,Official,CNS-059,Rajesh Gupta,+919876198296,Meta Campaign,Ireland,New Zealand,Duolingo,Inquiry,2026-08-09,No,
LEAD-10512,2026-08-02,Yes,2026-06-25,Arjun Patel,+917330989881,student_repeat_39@gmail.com,BR-OFF-08,Official Branch 08,Official,CNS-047,Monika Chauhan,+919365260635,Walk-in,UK,New Zealand,PTE,Follow-up Stage,2026-08-17,Yes,"Detailed counseling given regarding loan options, visa requirements and university choices."
LEAD-10513,2026-08-02,Yes,2026-06-22,Ananya Shah,+917721221887,student_repeat_7@gmail.com,BR-WL-15,WhiteLabel Branch 15,WhiteLabel,CNS-062,Rohan Joshi,+919566585408,Walk-in,New Zealand,UK,PTE,Follow-up Stage,2026-08-27,Yes,"Detailed counseling given regarding loan options, visa requirements and university choices."
LEAD-10514,2026-08-02,Yes,2026-06-08,Pooja Shah,+917994031334,student_repeat_45@gmail.com,BR-OFF-17,Official Branch 17,Official,CNS-014,Sanjay Verma,+919648245888,Meta Campaign,Germany,New Zealand,IELTS,Follow-up Stage,2026-08-27,Yes,"Detailed counseling given regarding loan options, visa requirements and university choices."
LEAD-10515,2026-08-02,No,N/A,Prisha Mehta,+919176711556,student_10515@gmail.com,BR-OFF-18,Official Branch 18,Official,CNS-021,Sachin Patel,+919408157429,Walk-in,Australia,Canada,PTE,Application Started,2026-08-27,Yes,Discussed Australia university intakes. Student evaluating budget.
LEAD-10516,2026-08-02,No,N/A,Riya Mehta,+918371698187,student_10516@gmail.com,BR-OFF-04,Official Branch 04,Official,CNS-085,Swati Trivedi,+919105128697,Referral,Canada,New Zealand,No,Follow-up Stage,2026-08-09,Yes,"Detailed counseling given regarding loan options, visa requirements and university choices."
LEAD-10517,2026-08-02,No,N/A,Harsh Gupta,+918378330793,student_10517@gmail.com,BR-OFF-08,Official Branch 08,Official,CNS-040,Sneha Shah,+919924602213,Walk-in,Canada,Ireland,IELTS,Follow-up Stage,2026-08-27,Yes,Spoke with student. Student stated financial issue and dropped abroad plan.
LEAD-10518,2026-08-02,No,N/A,Daxesh Rathod,+918132032064,student_10518@gmail.com,BR-OFF-22,Official Branch 22,Official,CNS-012,Kavita Sharma,+919819795579,Google Ads,New Zealand,UK,No,Inquiry,2026-08-27,No,
LEAD-10519,2026-08-02,Yes,2026-06-19,Diya Sharma,+917010002396,student_repeat_9@gmail.com,BR-OFF-15,Official Branch 15,Official,CNS-069,Karan Sharma,+919631832764,Meta Campaign,Australia,Ireland,No,Inquiry,2026-08-09,No,
LEAD-10520,2026-08-02,No,N/A,Diya Desai,+919224659263,student_10520@gmail.com,BR-WL-03,WhiteLabel Branch 03,WhiteLabel,CNS-087,Sneha Sharma,+919178575192,Meta Campaign,Australia,New Zealand,PTE,Inquiry,2026-08-27,No,
LEAD-10521,2026-08-02,No,N/A,Deep Desai,+918134025651,student_10521@gmail.com,BR-WL-06,WhiteLabel Branch 06,WhiteLabel,CNS-048,Manish Desai,+919169820594,Education Fair,Canada,UK,No,Follow-up Stage,2026-08-17,Yes,"Detailed counseling given regarding loan options, visa requirements and university choices."
LEAD-10522,2026-08-02,Yes,2026-06-11,Krishna Singh,+917524557080,student_repeat_27@gmail.com,BR-WL-03,WhiteLabel Branch 03,WhiteLabel,CNS-076,Vikram Gupta,+919867043303,Walk-in,Ireland,USA,Duolingo,Inquiry,2026-08-17,No,
LEAD-10523,2026-08-02,No,N/A,Rohan Shah,+919019778600,student_10523@gmail.com,BR-OFF-13,Official Branch 13,Official,CNS-018,Nikhil Verma,+919619927151,Google Ads,Germany,Australia,PTE,Follow-up Stage,2026-08-09,Yes,"Detailed counseling given regarding loan options, visa requirements and university choices."
LEAD-10524,2026-08-02,Yes,2026-07-03,Saanvi Mehta,+917732363533,student_repeat_41@gmail.com,BR-WL-19,WhiteLabel Branch 19,WhiteLabel,CNS-019,Deepa Patel,+919049203558,Referral,Australia,New Zealand,Duolingo,Inquiry,2026-08-09,No,
LEAD-10525,2026-08-02,No,N/A,Deep Gupta,+919694210895,student_10525@gmail.com,BR-WL-06,WhiteLabel Branch 06,WhiteLabel,CNS-090,Pooja Desai,+919284759615,Education Fair,Australia,Ireland,GRE,Inquiry,2026-08-17,No,
LEAD-10526,2026-08-02,No,N/A,Pari Verma,+918763016465,student_10526@gmail.com,BR-WL-26,WhiteLabel Branch 26,WhiteLabel,CNS-029,Vikram Chauhan,+919348195935,Google Ads,Australia,Ireland,IELTS,Inquiry,2026-08-27,No,
LEAD-10527,2026-08-02,No,N/A,Myra Desai,+918882267479,student_10527@gmail.com,BR-WL-17,WhiteLabel Branch 17,WhiteLabel,CNS-070,Pooja Patel,+919760038427,Education Fair,USA,Canada,IELTS,Inquiry,2026-08-27,No,
LEAD-10528,2026-08-02,No,N/A,Avani Gupta,+919482831598,student_10528@gmail.com,BR-OFF-18,Official Branch 18,Official,CNS-011,Deepa Desai,+919365341213,Google Ads,Ireland,New Zealand,No,Inquiry,2026-08-17,No,
LEAD-10529,2026-08-02,No,N/A,Prisha Sharma,+918526630215,student_10529@gmail.com,BR-WL-12,WhiteLabel Branch 12,WhiteLabel,CNS-061,Kavita Chauhan,+919510330567,Referral,Ireland,New Zealand,IELTS,Follow-up Stage,2026-08-27,Yes,Spoke with student. Student stated financial issue and dropped abroad plan.
LEAD-10530,2026-08-02,No,N/A,Jignesh Joshi,+919148975179,student_10530@gmail.com,BR-OFF-08,Official Branch 08,Official,CNS-100,Sachin Sharma,+919433550699,Website Form,Australia,Germany,No,Inquiry,2026-08-27,No,
LEAD-10531,2026-08-02,No,N/A,Simran Desai,+918621070404,student_10531@gmail.com,BR-OFF-24,Official Branch 24,Official,CNS-022,Swati Chauhan,+919895619255,Website Form,Ireland,Germany,PTE,Follow-up Stage,2026-08-27,Yes,Spoke with student. Student stated financial issue and dropped abroad plan.
LEAD-10532,2026-08-02,Yes,2026-06-15,Krishna Patel,+917003807155,student_repeat_30@gmail.com,BR-OFF-24,Official Branch 24,Official,CNS-022,Swati Chauhan,+919895619255,Education Fair,Canada,New Zealand,PTE,Follow-up Stage,2026-08-27,Yes,"Detailed counseling given regarding loan options, visa requirements and university choices."
LEAD-10533,2026-08-02,Yes,2026-07-01,Krishna Shah,+917795890631,student_repeat_32@gmail.com,BR-WL-11,WhiteLabel Branch 11,WhiteLabel,CNS-036,Vikram Bhatt,+919602764446,Meta Campaign,UK,Ireland,PTE,Dropped,2026-08-17,Yes,Financial Issue
LEAD-10534,2026-08-02,No,N/A,Arjun Rathod,+918959180379,student_10534@gmail.com,BR-WL-06,WhiteLabel Branch 06,WhiteLabel,CNS-048,Manish Desai,+919169820594,Google Ads,USA,New Zealand,GRE,Inquiry,2026-08-27,No,
LEAD-10535,2026-08-02,No,N/A,Diya Sharma,+918311535995,student_10535@gmail.com,BR-WL-19,WhiteLabel Branch 19,WhiteLabel,CNS-077,Anjali Patel,+919104078666,Google Ads,New Zealand,Australia,Duolingo,Follow-up Stage,2026-08-09,Yes,"Detailed counseling given regarding loan options, visa requirements and university choices."
LEAD-10536,2026-08-02,No,N/A,Harsh Joshi,+918116663729,student_10536@gmail.com,BR-OFF-12,Official Branch 12,Official,CNS-083,Swati Mehta,+919452991960,Meta Campaign,New Zealand,Canada,IELTS,Application Started,2026-08-17,Yes,Discussed New Zealand university intakes. Student evaluating budget.
LEAD-10537,2026-08-02,No,N/A,Neha Singh,+918501783841,student_10537@gmail.com,BR-WL-23,WhiteLabel Branch 23,WhiteLabel,CNS-049,Pooja Bhatt,+919940439931,Referral,Ireland,Australia,Duolingo,Application Started,2026-08-27,Yes,Discussed Ireland university intakes. Student evaluating budget.
LEAD-10538,2026-08-02,No,N/A,Pari Verma,+919457053501,student_10538@gmail.com,BR-WL-20,WhiteLabel Branch 20,WhiteLabel,CNS-041,Kavita Chauhan,+919171779360,Education Fair,Ireland,Canada,IELTS,Inquiry,2026-08-27,No,
LEAD-10539,2026-08-02,No,N/A,Deep Desai,+918719337031,student_10539@gmail.com,BR-OFF-09,Official Branch 09,Official,CNS-035,Swati Mehta,+919284412919,Meta Campaign,New Zealand,Canada,PTE,Follow-up Stage,2026-08-17,Yes,Spoke with student. Student stated financial issue and dropped abroad plan.
LEAD-10540,2026-08-02,No,N/A,Pooja Mehta,+919576926134,student_10540@gmail.com,BR-WL-03,WhiteLabel Branch 03,WhiteLabel,CNS-087,Sneha Sharma,+919178575192,Education Fair,New Zealand,UK,No,Application Started,2026-08-27,Yes,Discussed New Zealand university intakes. Student evaluating budget.
LEAD-10541,2026-08-02,No,N/A,Harsh Sharma,+918025686943,student_10541@gmail.com,BR-WL-25,WhiteLabel Branch 25,WhiteLabel,CNS-053,Anjali Mehta,+919401486939,Website Form,Germany,Canada,Duolingo,Application Started,2026-08-27,Yes,Discussed Germany university intakes. Student evaluating budget.
LEAD-10542,2026-08-02,Yes,2026-07-02,Reyansh Rathod,+917769005091,student_repeat_5@gmail.com,BR-WL-19,WhiteLabel Branch 19,WhiteLabel,CNS-077,Anjali Patel,+919104078666,Referral,New Zealand,UK,No,Dropped,2026-08-27,Yes,Spoke with student. Student stated financial issue and dropped abroad plan.
LEAD-10543,2026-08-02,Yes,2026-06-29,Riya Shah,+917461479973,student_repeat_38@gmail.com,BR-WL-23,WhiteLabel Branch 23,WhiteLabel,CNS-049,Pooja Bhatt,+919940439931,Referral,New Zealand,Ireland,No,Follow-up Stage,2026-08-09,Yes,"Detailed counseling given regarding loan options, visa requirements and university choices."
LEAD-10544,2026-08-02,No,N/A,Rohan Sharma,+919371770697,student_10544@gmail.com,BR-OFF-05,Official Branch 05,Official,CNS-059,Rajesh Gupta,+919876198296,Meta Campaign,New Zealand,Australia,PTE,Follow-up Stage,2026-08-09,Yes,Discussed New Zealand university intakes. Student evaluating budget.
LEAD-10545,2026-08-02,No,N/A,Vivaan Desai,+919745476561,student_10545@gmail.com,BR-WL-18,WhiteLabel Branch 18,WhiteLabel,CNS-034,Bhavna Gupta,+919424806516,Google Ads,Australia,Canada,Duolingo,Inquiry,2026-08-09,No,
LEAD-10546,2026-08-02,No,N/A,Vihaan Shah,+919160998707,student_10546@gmail.com,BR-WL-20,WhiteLabel Branch 20,WhiteLabel,CNS-099,Sneha Rathod,+919072972420,Walk-in,UK,Ireland,IELTS,Inquiry,2026-08-27,No,
LEAD-10547,2026-08-02,Yes,2026-06-10,Meera Shah,+917585823118,student_repeat_36@gmail.com,BR-OFF-14,Official Branch 14,Official,CNS-033,Megha Bhatt,+919337882805,Walk-in,Canada,Germany,GRE,Dropped,2026-08-09,Yes,Spoke with student. Student stated financial issue and dropped abroad plan.
LEAD-10548,2026-08-02,No,N/A,Krishna Shah,+919503357089,student_10548@gmail.com,BR-WL-10,WhiteLabel Branch 10,WhiteLabel,CNS-043,Neha Rathod,+919502564736,Walk-in,Germany,Canada,No,Follow-up Stage,2026-08-17,Yes,Spoke with student. Student stated financial issue and dropped abroad plan.
LEAD-10549,2026-08-02,No,N/A,Deep Sharma,+919159917591,student_10549@gmail.com,BR-WL-26,WhiteLabel Branch 26,WhiteLabel,CNS-029,Vikram Chauhan,+919348195935,Website Form,Australia,New Zealand,Duolingo,Application Started,2026-08-27,Yes,Discussed Australia university intakes. Student evaluating budget.
LEAD-10550,2026-08-02,Yes,2026-07-01,Saanvi Mehta,+917732363533,student_repeat_41@gmail.com,BR-OFF-08,Official Branch 08,Official,CNS-047,Monika Chauhan,+919365260635,Education Fair,New Zealand,USA,IELTS,Follow-up Stage,2026-08-17,Yes,"Detailed counseling given regarding loan options, visa requirements and university choices."
LEAD-10551,2026-08-02,No,N/A,Ananya Rathod,+918410176161,student_10551@gmail.com,BR-WL-08,WhiteLabel Branch 08,WhiteLabel,CNS-039,Vikram Mehta,+919547099690,Referral,Australia,Canada,PTE,Inquiry,2026-08-27,No,
LEAD-10552,2026-08-02,No,N/A,Reyansh Shah,+918076661503,student_10552@gmail.com,BR-WL-17,WhiteLabel Branch 17,WhiteLabel,CNS-025,Bhavna Patel,+919654049436,Website Form,Ireland,Germany,GRE,Inquiry,2026-08-09,No,
LEAD-10553,2026-08-02,No,N/A,Daxesh Desai,+919073063545,student_10553@gmail.com,BR-OFF-15,Official Branch 15,Official,CNS-069,Karan Sharma,+919631832764,Walk-in,Canada,UK,PTE,Application Started,2026-08-27,Yes,Discussed Canada university intakes. Student evaluating budget.
LEAD-10554,2026-08-02,No,N/A,Rohan Singh,+918984342854,student_10554@gmail.com,BR-WL-03,WhiteLabel Branch 03,WhiteLabel,CNS-087,Sneha Sharma,+919178575192,Education Fair,UK,New Zealand,No,Dropped,2026-08-09,Yes,Dropped Plan
LEAD-10555,2026-08-02,Yes,2026-07-02,Arjun Patel,+917330989881,student_repeat_39@gmail.com,BR-WL-13,WhiteLabel Branch 13,WhiteLabel,CNS-032,Sneha Sharma,+919980472440,Referral,Ireland,UK,IELTS,Application Started,2026-08-09,Yes,Discussed Ireland university intakes. Student evaluating budget.
LEAD-10556,2026-08-02,No,N/A,Harsh Trivedi,+918137347925,student_10556@gmail.com,BR-OFF-17,Official Branch 17,Official,CNS-014,Sanjay Verma,+919648245888,Website Form,Australia,Ireland,No,Application Started,2026-08-09,Yes,Discussed Australia university intakes. Student evaluating budget.
LEAD-10557,2026-08-02,Yes,2026-06-15,Saanvi Singh,+917949332407,student_repeat_43@gmail.com,BR-WL-17,WhiteLabel Branch 17,WhiteLabel,CNS-070,Pooja Patel,+919760038427,Google Ads,USA,UK,IELTS,Inquiry,2026-08-17,No,
LEAD-10558,2026-08-02,Yes,2026-06-29,Ishaan Trivedi,+917866616964,student_repeat_17@gmail.com,BR-OFF-04,Official Branch 04,Official,CNS-097,Preeti Trivedi,+919169042105,Walk-in,UK,New Zealand,PTE,Inquiry,2026-08-17,No,
LEAD-10559,2026-08-02,No,N/A,Avani Patel,+918286411785,student_10559@gmail.com,BR-OFF-07,Official Branch 07,Official,CNS-013,Amit Patel,+919407943839,Referral,Germany,Australia,GRE,Follow-up Stage,2026-08-17,Yes,Discussed Germany university intakes. Student evaluating budget.
LEAD-10560,2026-08-03,No,N/A,Avani Desai,+918893830456,student_10560@gmail.com,BR-WL-01,WhiteLabel Branch 01,WhiteLabel,CNS-089,Megha Shah,+919176777762,Walk-in,Ireland,UK,GRE,Application Started,2026-08-18,Yes,Discussed Ireland university intakes. Student evaluating budget.
LEAD-10561,2026-08-03,No,N/A,Prisha Patel,+919280484313,student_10561@gmail.com,BR-WL-20,WhiteLabel Branch 20,WhiteLabel,CNS-024,Harish Joshi,+919753573823,Referral,Australia,Ireland,IELTS,Follow-up Stage,2026-08-18,Yes,Spoke with student. Student stated financial issue and dropped abroad plan.
LEAD-10562,2026-08-03,No,N/A,Riya Mehta,+918412108271,student_10562@gmail.com,BR-WL-01,WhiteLabel Branch 01,WhiteLabel,CNS-016,Karan Patel,+919990307112,Education Fair,Canada,Ireland,PTE,Follow-up Stage,2026-08-28,Yes,"Detailed counseling given regarding loan options, visa requirements and university choices."
LEAD-10563,2026-08-03,No,N/A,Rohan Mehta,+918593621579,student_10563@gmail.com,BR-WL-22,WhiteLabel Branch 22,WhiteLabel,CNS-007,Pooja Trivedi,+919213500298,Google Ads,Canada,USA,Duolingo,Inquiry,2026-08-10,No,
LEAD-10564,2026-08-03,No,N/A,Vivaan Patel,+919384828097,student_10564@gmail.com,BR-OFF-08,Official Branch 08,Official,CNS-047,Monika Chauhan,+919365260635,Meta Campaign,UK,Germany,PTE,Follow-up Stage,2026-08-18,Yes,Discussed UK university intakes. Student evaluating budget.
LEAD-10565,2026-08-03,No,N/A,Sai Patel,+919041661415,student_10565@gmail.com,BR-WL-10,WhiteLabel Branch 10,WhiteLabel,CNS-066,Bhavna Verma,+919470406376,Website Form,Canada,USA,Duolingo,Inquiry,2026-08-18,No,
LEAD-10566,2026-08-03,No,N/A,Pooja Rathod,+918699403123,student_10566@gmail.com,BR-OFF-03,Official Branch 03,Official,CNS-030,Monika Shah,+919245938494,Website Form,USA,UK,IELTS,Follow-up Stage,2026-08-18,Yes,Discussed USA university intakes. Student evaluating budget.
LEAD-10567,2026-08-03,No,N/A,Chiara Trivedi,+919040257650,student_10567@gmail.com,BR-WL-22,WhiteLabel Branch 22,WhiteLabel,CNS-007,Pooja Trivedi,+919213500298,Walk-in,UK,USA,No,Inquiry,2026-08-18,No,
LEAD-10568,2026-08-03,No,N/A,Pari Mehta,+919357255020,student_10568@gmail.com,BR-OFF-18,Official Branch 18,Official,CNS-046,Megha Trivedi,+919806248900,Meta Campaign,UK,Australia,GRE,Application Started,2026-08-28,Yes,Discussed UK university intakes. Student evaluating budget.
LEAD-10569,2026-08-03,No,N/A,Pari Verma,+918367652024,student_10569@gmail.com,BR-OFF-12,Official Branch 12,Official,CNS-098,Preeti Patel,+919914122100,Meta Campaign,UK,Australia,No,Follow-up Stage,2026-08-28,Yes,Discussed UK university intakes. Student evaluating budget.
LEAD-10570,2026-08-03,No,N/A,Aadhya Singh,+919050577765,student_10570@gmail.com,BR-WL-12,WhiteLabel Branch 12,WhiteLabel,CNS-028,Pankaj Chauhan,+919738908273,Education Fair,Australia,Germany,PTE,Follow-up Stage,2026-08-18,Yes,Discussed Australia university intakes. Student evaluating budget.
LEAD-10571,2026-08-03,No,N/A,Ayaan Trivedi,+918319909995,student_10571@gmail.com,BR-WL-23,WhiteLabel Branch 23,WhiteLabel,CNS-074,Anjali Trivedi,+919142068763,Website Form,Australia,Canada,IELTS,Inquiry,2026-08-28,No,
LEAD-10572,2026-08-03,No,N/A,Ananya Gupta,+919738852976,student_10572@gmail.com,BR-WL-06,WhiteLabel Branch 06,WhiteLabel,CNS-090,Pooja Desai,+919284759615,Website Form,Australia,Germany,GRE,Dropped,2026-08-10,Yes,Opted for Job
LEAD-10573,2026-08-03,No,N/A,Ayaan Rathod,+918194840139,student_10573@gmail.com,BR-WL-24,WhiteLabel Branch 24,WhiteLabel,CNS-003,Rajesh Patel,+919726600539,Walk-in,Ireland,USA,GRE,Dropped,2026-08-28,Yes,Spoke with student. Student stated financial issue and dropped abroad plan.
LEAD-10574,2026-08-03,No,N/A,Pari Shah,+919877328141,student_10574@gmail.com,BR-WL-23,WhiteLabel Branch 23,WhiteLabel,CNS-091,Manish Desai,+919747959430,Walk-in,UK,Australia,Duolingo,Dropped,2026-08-10,Yes,Spoke with student. Student stated financial issue and dropped abroad plan.
LEAD-10575,2026-08-03,No,N/A,Meera Joshi,+919140142733,student_10575@gmail.com,BR-OFF-06,Official Branch 06,Official,CNS-005,Alok Shah,+919031994523,Meta Campaign,Australia,USA,No,Inquiry,2026-08-10,No,
LEAD-10576,2026-08-03,No,N/A,Aditya Trivedi,+919891605062,student_10576@gmail.com,BR-WL-10,WhiteLabel Branch 10,WhiteLabel,CNS-043,Neha Rathod,+919502564736,Referral,Canada,Ireland,PTE,Follow-up Stage,2026-08-10,Yes,"Detailed counseling given regarding loan options, visa requirements and university choices."
LEAD-10577,2026-08-03,No,N/A,Saanvi Joshi,+918376383887,student_10577@gmail.com,BR-OFF-12,Official Branch 12,Official,CNS-083,Swati Mehta,+919452991960,Education Fair,Ireland,Canada,No,Dropped,2026-08-10,Yes,Spoke with student. Student stated financial issue and dropped abroad plan.
LEAD-10578,2026-08-03,No,N/A,Ayaan Singh,+918243863255,student_10578@gmail.com,BR-OFF-05,Official Branch 05,Official,CNS-084,Priya Gupta,+919268227631,Walk-in,Ireland,Germany,GRE,Follow-up Stage,2026-08-10,Yes,"Detailed counseling given regarding loan options, visa requirements and university choices."
LEAD-10579,2026-08-03,No,N/A,Rohan Verma,+918595165084,student_10579@gmail.com,BR-WL-22,WhiteLabel Branch 22,WhiteLabel,CNS-007,Pooja Trivedi,+919213500298,Website Form,USA,Australia,Duolingo,Inquiry,2026-08-28,No,
LEAD-10580,2026-08-03,No,N/A,Chiara Singh,+919456655961,student_10580@gmail.com,BR-OFF-15,Official Branch 15,Official,CNS-069,Karan Sharma,+919631832764,Meta Campaign,Australia,Ireland,PTE,Follow-up Stage,2026-08-28,Yes,"Detailed counseling given regarding loan options, visa requirements and university choices."
LEAD-10581,2026-08-03,No,N/A,Aditya Sharma,+918838984286,student_10581@gmail.com,BR-OFF-14,Official Branch 14,Official,CNS-023,Rohan Verma,+919381469012,Meta Campaign,Canada,UK,GRE,Application Started,2026-08-28,Yes,Discussed Canada university intakes. Student evaluating budget.
LEAD-10582,2026-08-03,No,N/A,Daxesh Patel,+918629576587,student_10582@gmail.com,BR-WL-10,WhiteLabel Branch 10,WhiteLabel,CNS-054,Rohan Trivedi,+919836043811,Referral,Germany,UK,Duolingo,Dropped,2026-08-18,Yes,Financial Issue
LEAD-10583,2026-08-03,Yes,2026-06-08,Aditya Mehta,+917396776692,student_repeat_14@gmail.com,BR-OFF-15,Official Branch 15,Official,CNS-067,Swati Patel,+919266186631,Referral,USA,Germany,No,Application Started,2026-08-28,Yes,Discussed USA university intakes. Student evaluating budget.
LEAD-10584,2026-08-03,No,N/A,Myra Singh,+918956180635,student_10584@gmail.com,BR-OFF-05,Official Branch 05,Official,CNS-059,Rajesh Gupta,+919876198296,Meta Campaign,Germany,UK,PTE,Application Started,2026-08-18,Yes,Discussed Germany university intakes. Student evaluating budget.
LEAD-10585,2026-08-03,No,N/A,Vivaan Shah,+918758321359,student_10585@gmail.com,BR-WL-04,WhiteLabel Branch 04,WhiteLabel,CNS-037,Priya Bhatt,+919627694430,Walk-in,UK,Ireland,GRE,Dropped,2026-08-18,Yes,Spoke with student. Student stated financial issue and dropped abroad plan.
LEAD-10586,2026-08-03,No,N/A,Harsh Rathod,+919706084026,student_10586@gmail.com,BR-OFF-15,Official Branch 15,Official,CNS-020,Vikram Joshi,+919085675980,Google Ads,UK,Canada,IELTS,Inquiry,2026-08-28,No,
LEAD-10587,2026-08-03,No,N/A,Reyansh Singh,+919518559526,student_10587@gmail.com,BR-OFF-06,Official Branch 06,Official,CNS-005,Alok Shah,+919031994523,Referral,USA,Australia,GRE,Dropped,2026-08-28,Yes,Planning in India
LEAD-10588,2026-08-03,Yes,2026-06-10,Diya Shah,+917684095277,student_repeat_31@gmail.com,BR-WL-19,WhiteLabel Branch 19,WhiteLabel,CNS-019,Deepa Patel,+919049203558,Walk-in,USA,UK,IELTS,Inquiry,2026-08-28,No,
LEAD-10589,2026-08-03,No,N/A,Chiara Desai,+919619549823,student_10589@gmail.com,BR-WL-23,WhiteLabel Branch 23,WhiteLabel,CNS-074,Anjali Trivedi,+919142068763,Referral,UK,Ireland,Duolingo,Application Started,2026-08-10,Yes,Discussed UK university intakes. Student evaluating budget.
LEAD-10590,2026-08-03,No,N/A,Vihaan Desai,+918053248133,student_10590@gmail.com,BR-WL-15,WhiteLabel Branch 15,WhiteLabel,CNS-052,Manish Chauhan,+919545098869,Education Fair,New Zealand,UK,Duolingo,Dropped,2026-08-18,Yes,Competitor Joined
LEAD-10591,2026-08-03,No,N/A,Simran Desai,+918420296223,student_10591@gmail.com,BR-WL-24,WhiteLabel Branch 24,WhiteLabel,CNS-003,Rajesh Patel,+919726600539,Website Form,Germany,Australia,IELTS,Inquiry,2026-08-18,No,
LEAD-10592,2026-08-03,No,N/A,Myra Patel,+919431869917,student_10592@gmail.com,BR-OFF-08,Official Branch 08,Official,CNS-047,Monika Chauhan,+919365260635,Walk-in,UK,New Zealand,Duolingo,Application Started,2026-08-18,Yes,Discussed UK university intakes. Student evaluating budget.
LEAD-10593,2026-08-03,No,N/A,Pari Singh,+918188116633,student_10593@gmail.com,BR-WL-12,WhiteLabel Branch 12,WhiteLabel,CNS-028,Pankaj Chauhan,+919738908273,Referral,Australia,New Zealand,Duolingo,Follow-up Stage,2026-08-18,Yes,"Detailed counseling given regarding loan options, visa requirements and university choices."
LEAD-10594,2026-08-03,No,N/A,Arjun Trivedi,+919284057160,student_10594@gmail.com,BR-OFF-22,Official Branch 22,Official,CNS-012,Kavita Sharma,+919819795579,Google Ads,UK,Australia,Duolingo,Inquiry,2026-08-28,No,
LEAD-10595,2026-08-03,No,N/A,Karan Verma,+918189941245,student_10595@gmail.com,BR-WL-24,WhiteLabel Branch 24,WhiteLabel,CNS-001,Bhavna Patel,+919026855092,Walk-in,Ireland,USA,Duolingo,Dropped,2026-08-18,Yes,None
LEAD-10596,2026-08-03,No,N/A,Ananya Desai,+919189420164,student_10596@gmail.com,BR-WL-11,WhiteLabel Branch 11,WhiteLabel,CNS-063,Alok Sharma,+919997413271,Website Form,New Zealand,USA,No,Application Started,2026-08-28,Yes,Discussed New Zealand university intakes. Student evaluating budget.
LEAD-10597,2026-08-03,No,N/A,Arjun Desai,+918644608891,student_10597@gmail.com,BR-WL-11,WhiteLabel Branch 11,WhiteLabel,CNS-082,Vikram Sharma,+919204235259,Referral,Australia,Canada,PTE,Inquiry,2026-08-18,No,
LEAD-10598,2026-08-03,No,N/A,Daxesh Mehta,+918061079996,student_10598@gmail.com,BR-WL-01,WhiteLabel Branch 01,WhiteLabel,CNS-016,Karan Patel,+919990307112,Meta Campaign,Australia,Canada,No,Follow-up Stage,2026-08-28,Yes,Spoke with student. Student stated financial issue and dropped abroad plan.
LEAD-10599,2026-08-03,No,N/A,Deep Desai,+919348611233,student_10599@gmail.com,BR-WL-02,WhiteLabel Branch 02,WhiteLabel,CNS-088,Gaurav Gupta,+919229509408,Walk-in,Ireland,Canada,PTE,Inquiry,2026-08-28,No,
LEAD-10600,2026-08-03,Yes,2026-06-29,Harsh Singh,+917755420240,student_repeat_16@gmail.com,BR-WL-07,WhiteLabel Branch 07,WhiteLabel,CNS-075,Pankaj Rathod,+919618702544,Website Form,UK,Australia,Duolingo,Follow-up Stage,2026-08-10,Yes,"Detailed counseling given regarding loan options, visa requirements and university choices."
LEAD-10601,2026-08-03,No,N/A,Aadhya Rathod,+918764470520,student_10601@gmail.com,BR-WL-22,WhiteLabel Branch 22,WhiteLabel,CNS-007,Pooja Trivedi,+919213500298,Meta Campaign,USA,Ireland,IELTS,Inquiry,2026-08-28,No,
LEAD-10602,2026-08-03,No,N/A,Vihaan Trivedi,+919616257413,student_10602@gmail.com,BR-OFF-24,Official Branch 24,Official,CNS-022,Swati Chauhan,+919895619255,Education Fair,USA,Australia,PTE,Application Started,2026-08-28,Yes,Discussed USA university intakes. Student evaluating budget.
LEAD-10603,2026-08-03,No,N/A,Harsh Shah,+918027697534,student_10603@gmail.com,BR-OFF-13,Official Branch 13,Official,CNS-018,Nikhil Verma,+919619927151,Education Fair,USA,Australia,Duolingo,Inquiry,2026-08-10,No,
LEAD-10604,2026-08-03,Yes,2026-06-18,Diya Sharma,+917010002396,student_repeat_9@gmail.com,BR-WL-26,WhiteLabel Branch 26,WhiteLabel,CNS-029,Vikram Chauhan,+919348195935,Google Ads,New Zealand,Germany,No,Dropped,2026-08-28,Yes,Spoke with student. Student stated financial issue and dropped abroad plan.
LEAD-10605,2026-08-03,No,N/A,Neha Sharma,+918250322831,student_10605@gmail.com,BR-WL-17,WhiteLabel Branch 17,WhiteLabel,CNS-017,Sneha Trivedi,+919314797776,Website Form,Australia,USA,PTE,Follow-up Stage,2026-08-10,Yes,Spoke with student. Student stated financial issue and dropped abroad plan.
LEAD-10606,2026-08-03,No,N/A,Prisha Singh,+919639796056,student_10606@gmail.com,BR-OFF-01,Official Branch 01,Official,CNS-044,Priya Trivedi,+919924255163,Google Ads,Ireland,USA,IELTS,Dropped,2026-08-10,Yes,Spoke with student. Student stated financial issue and dropped abroad plan.
LEAD-10607,2026-08-03,Yes,2026-06-30,Deep Verma,+917666430218,student_repeat_44@gmail.com,BR-WL-01,WhiteLabel Branch 01,WhiteLabel,CNS-089,Megha Shah,+919176777762,Google Ads,USA,UK,GRE,Dropped,2026-08-10,Yes,None
LEAD-10608,2026-08-03,Yes,2026-06-10,Krishna Patel,+917003807155,student_repeat_30@gmail.com,BR-OFF-24,Official Branch 24,Official,CNS-056,Gaurav Shah,+919120117054,Website Form,UK,Canada,IELTS,Follow-up Stage,2026-08-28,Yes,"Detailed counseling given regarding loan options, visa requirements and university choices."
LEAD-10609,2026-08-03,Yes,2026-07-03,Harsh Singh,+917755420240,student_repeat_16@gmail.com,BR-OFF-18,Official Branch 18,Official,CNS-009,Vikram Gupta,+919632719211,Meta Campaign,Ireland,Canada,IELTS,Follow-up Stage,2026-08-28,Yes,"Detailed counseling given regarding loan options, visa requirements and university choices."
LEAD-10610,2026-08-03,No,N/A,Aarav Sharma,+918312581231,student_10610@gmail.com,BR-WL-07,WhiteLabel Branch 07,WhiteLabel,CNS-096,Rahul Shah,+919627255918,Meta Campaign,Germany,USA,PTE,Dropped,2026-08-28,Yes,No Response
LEAD-10611,2026-08-03,No,N/A,Vihaan Trivedi,+919639054095,student_10611@gmail.com,BR-OFF-09,Official Branch 09,Official,CNS-002,Priya Sharma,+919239670711,Education Fair,UK,New Zealand,GRE,Inquiry,2026-08-10,No,
LEAD-10612,2026-08-03,No,N/A,Vihaan Mehta,+919082751103,student_10612@gmail.com,BR-WL-23,WhiteLabel Branch 23,WhiteLabel,CNS-091,Manish Desai,+919747959430,Walk-in,USA,New Zealand,No,Follow-up Stage,2026-08-28,Yes,Discussed USA university intakes. Student evaluating budget.
LEAD-10613,2026-08-03,No,N/A,Myra Mehta,+918875267030,student_10613@gmail.com,BR-WL-06,WhiteLabel Branch 06,WhiteLabel,CNS-015,Mayank Shah,+919783543540,Meta Campaign,Canada,Germany,IELTS,Inquiry,2026-08-18,No,
LEAD-10614,2026-08-03,No,N/A,Meera Desai,+919196432120,student_10614@gmail.com,BR-OFF-19,Official Branch 19,Official,CNS-093,Gaurav Mehta,+919203901283,Website Form,Canada,Australia,Duolingo,Dropped,2026-08-18,Yes,Competitor Joined
LEAD-10615,2026-08-03,No,N/A,Pari Mehta,+919189525325,student_10615@gmail.com,BR-WL-25,WhiteLabel Branch 25,WhiteLabel,CNS-053,Anjali Mehta,+919401486939,Meta Campaign,New Zealand,Australia,GRE,Follow-up Stage,2026-08-18,Yes,"Detailed counseling given regarding loan options, visa requirements and university choices."
LEAD-10616,2026-08-03,No,N/A,Chiara Rathod,+918225854904,student_10616@gmail.com,BR-WL-17,WhiteLabel Branch 17,WhiteLabel,CNS-051,Preeti Patel,+919934712197,Walk-in,Germany,New Zealand,IELTS,Dropped,2026-08-18,Yes,No Response
LEAD-10617,2026-08-03,No,N/A,Sai Sharma,+918781061251,student_10617@gmail.com,BR-OFF-16,Official Branch 16,Official,CNS-026,Rohan Trivedi,+919782893941,Meta Campaign,UK,Ireland,Duolingo,Application Started,2026-08-18,Yes,Discussed UK university intakes. Student evaluating budget.
LEAD-10618,2026-08-03,No,N/A,Avani Trivedi,+918586204603,student_10618@gmail.com,BR-OFF-04,Official Branch 04,Official,CNS-097,Preeti Trivedi,+919169042105,Referral,Australia,USA,Duolingo,Follow-up Stage,2026-08-18,Yes,Spoke with student. Student stated financial issue and dropped abroad plan.
LEAD-10619,2026-08-03,No,N/A,Arjun Gupta,+918232006984,student_10619@gmail.com,BR-WL-01,WhiteLabel Branch 01,WhiteLabel,CNS-016,Karan Patel,+919990307112,Meta Campaign,Australia,Germany,GRE,Dropped,2026-08-10,Yes,Spoke with student. Student stated financial issue and dropped abroad plan.
LEAD-10620,2026-08-03,Yes,2026-06-08,Rohan Trivedi,+917606907788,student_repeat_3@gmail.com,BR-OFF-18,Official Branch 18,Official,CNS-009,Vikram Gupta,+919632719211,Walk-in,Ireland,Canada,GRE,Follow-up Stage,2026-08-28,Yes,Discussed Ireland university intakes. Student evaluating budget.
LEAD-10621,2026-08-03,No,N/A,Karan Sharma,+919419659785,student_10621@gmail.com,BR-OFF-04,Official Branch 04,Official,CNS-097,Preeti Trivedi,+919169042105,Education Fair,New Zealand,Australia,Duolingo,Application Started,2026-08-28,Yes,Discussed New Zealand university intakes. Student evaluating budget.
LEAD-10622,2026-08-03,No,N/A,Simran Singh,+919173857595,student_10622@gmail.com,BR-WL-24,WhiteLabel Branch 24,WhiteLabel,CNS-003,Rajesh Patel,+919726600539,Website Form,Australia,Canada,Duolingo,Inquiry,2026-08-18,No,
LEAD-10623,2026-08-03,No,N/A,Vivaan Patel,+918379823655,student_10623@gmail.com,BR-WL-09,WhiteLabel Branch 09,WhiteLabel,CNS-072,Sachin Verma,+919076082500,Referral,New Zealand,USA,GRE,Inquiry,2026-08-10,No,
LEAD-10624,2026-08-03,No,N/A,Ananya Gupta,+919640701436,student_10624@gmail.com,BR-WL-06,WhiteLabel Branch 06,WhiteLabel,CNS-015,Mayank Shah,+919783543540,Education Fair,Ireland,Australia,No,Follow-up Stage,2026-08-28,Yes,Spoke with student. Student stated financial issue and dropped abroad plan.
LEAD-10625,2026-08-03,No,N/A,Deep Shah,+919088097859,student_10625@gmail.com,BR-WL-03,WhiteLabel Branch 03,WhiteLabel,CNS-008,Bhavna Bhatt,+919585126461,Walk-in,USA,Germany,No,Inquiry,2026-08-28,No,
LEAD-10626,2026-08-03,No,N/A,Diya Patel,+918060445185,student_10626@gmail.com,BR-WL-03,WhiteLabel Branch 03,WhiteLabel,CNS-076,Vikram Gupta,+919867043303,Website Form,UK,Australia,PTE,Follow-up Stage,2026-08-28,Yes,"Detailed counseling given regarding loan options, visa requirements and university choices."
LEAD-10627,2026-08-03,Yes,2026-06-23,Vihaan Sharma,+917797163846,student_repeat_22@gmail.com,BR-WL-25,WhiteLabel Branch 25,WhiteLabel,CNS-053,Anjali Mehta,+919401486939,Meta Campaign,Canada,New Zealand,GRE,Dropped,2026-08-28,Yes,Financial Issue
LEAD-10628,2026-08-03,No,N/A,Diya Shah,+918042331172,student_10628@gmail.com,BR-OFF-15,Official Branch 15,Official,CNS-069,Karan Sharma,+919631832764,Meta Campaign,Canada,Germany,Duolingo,Inquiry,2026-08-18,No,
LEAD-10629,2026-08-03,No,N/A,Meera Gupta,+919262697275,student_10629@gmail.com,BR-WL-24,WhiteLabel Branch 24,WhiteLabel,CNS-003,Rajesh Patel,+919726600539,Meta Campaign,Australia,Ireland,Duolingo,Application Started,2026-08-10,Yes,Discussed Australia university intakes. Student evaluating budget.
LEAD-10630,2026-08-03,No,N/A,Diya Gupta,+919079687177,student_10630@gmail.com,BR-OFF-12,Official Branch 12,Official,CNS-098,Preeti Patel,+919914122100,Referral,USA,UK,No,Application Started,2026-08-18,Yes,Discussed USA university intakes. Student evaluating budget.
LEAD-10631,2026-08-03,No,N/A,Reyansh Desai,+918569416246,student_10631@gmail.com,BR-WL-22,WhiteLabel Branch 22,WhiteLabel,CNS-007,Pooja Trivedi,+919213500298,Meta Campaign,Germany,Australia,GRE,Dropped,2026-08-10,Yes,Spoke with student. Student stated financial issue and dropped abroad plan.
LEAD-10632,2026-08-03,No,N/A,Krishna Sharma,+919216395497,student_10632@gmail.com,BR-WL-14,WhiteLabel Branch 14,WhiteLabel,CNS-068,Sneha Verma,+919022585366,Walk-in,Australia,UK,PTE,Follow-up Stage,2026-08-28,Yes,"Detailed counseling given regarding loan options, visa requirements and university choices."
LEAD-10633,2026-08-03,No,N/A,Rohan Singh,+918672920372,student_10633@gmail.com,BR-OFF-16,Official Branch 16,Official,CNS-026,Rohan Trivedi,+919782893941,Walk-in,Australia,USA,No,Inquiry,2026-08-28,No,
LEAD-10634,2026-08-03,No,N/A,Sai Patel,+919348284577,student_10634@gmail.com,BR-WL-23,WhiteLabel Branch 23,WhiteLabel,CNS-091,Manish Desai,+919747959430,Education Fair,New Zealand,UK,No,Inquiry,2026-08-28,No,
LEAD-10635,2026-08-03,No,N/A,Pooja Gupta,+918575388070,student_10635@gmail.com,BR-WL-11,WhiteLabel Branch 11,WhiteLabel,CNS-082,Vikram Sharma,+919204235259,Education Fair,New Zealand,Germany,Duolingo,Inquiry,2026-08-28,No,
LEAD-10636,2026-08-03,No,N/A,Pari Shah,+918516199124,student_10636@gmail.com,BR-OFF-15,Official Branch 15,Official,CNS-020,Vikram Joshi,+919085675980,Referral,Ireland,USA,Duolingo,Inquiry,2026-08-10,No,
LEAD-10637,2026-08-03,No,N/A,Deep Verma,+918573238023,student_10637@gmail.com,BR-WL-04,WhiteLabel Branch 04,WhiteLabel,CNS-037,Priya Bhatt,+919627694430,Referral,UK,Australia,No,Follow-up Stage,2026-08-10,Yes,Discussed UK university intakes. Student evaluating budget.
LEAD-10638,2026-08-03,No,N/A,Harsh Desai,+918996775371,student_10638@gmail.com,BR-WL-11,WhiteLabel Branch 11,WhiteLabel,CNS-063,Alok Sharma,+919997413271,Education Fair,Australia,Germany,IELTS,Follow-up Stage,2026-08-18,Yes,Discussed Australia university intakes. Student evaluating budget.
LEAD-10639,2026-08-03,No,N/A,Rohan Singh,+918377925390,student_10639@gmail.com,BR-OFF-12,Official Branch 12,Official,CNS-083,Swati Mehta,+919452991960,Website Form,Ireland,Australia,IELTS,Dropped,2026-08-10,Yes,Planning in India
LEAD-10640,2026-08-03,No,N/A,Jignesh Joshi,+919442404788,student_10640@gmail.com,BR-OFF-04,Official Branch 04,Official,CNS-085,Swati Trivedi,+919105128697,Website Form,Australia,New Zealand,GRE,Dropped,2026-08-28,Yes,Financial Issue
LEAD-10641,2026-08-03,No,N/A,Karan Singh,+918540753680,student_10641@gmail.com,BR-OFF-13,Official Branch 13,Official,CNS-064,Monika Bhatt,+919740739735,Website Form,UK,Ireland,IELTS,Follow-up Stage,2026-08-18,Yes,"Detailed counseling given regarding loan options, visa requirements and university choices."
LEAD-10642,2026-08-03,No,N/A,Ayaan Verma,+918468169445,student_10642@gmail.com,BR-WL-19,WhiteLabel Branch 19,WhiteLabel,CNS-019,Deepa Patel,+919049203558,Website Form,UK,USA,PTE,Inquiry,2026-08-18,No,
LEAD-10643,2026-08-03,No,N/A,Vivaan Gupta,+919145618042,student_10643@gmail.com,BR-WL-06,WhiteLabel Branch 06,WhiteLabel,CNS-048,Manish Desai,+919169820594,Referral,Canada,Australia,No,Inquiry,2026-08-28,No,
LEAD-10644,2026-08-03,No,N/A,Krishna Shah,+918779532299,student_10644@gmail.com,BR-WL-12,WhiteLabel Branch 12,WhiteLabel,CNS-061,Kavita Chauhan,+919510330567,Referral,USA,Australia,IELTS,Dropped,2026-08-28,Yes,Spoke with student. Student stated financial issue and dropped abroad plan.
LEAD-10645,2026-08-03,No,N/A,Rohan Patel,+919483229278,student_10645@gmail.com,BR-OFF-01,Official Branch 01,Official,CNS-086,Bhavna Trivedi,+919897677788,Google Ads,USA,Ireland,Duolingo,Dropped,2026-08-28,Yes,Financial Issue
LEAD-10646,2026-08-03,No,N/A,Pari Verma,+918016892320,student_10646@gmail.com,BR-WL-17,WhiteLabel Branch 17,WhiteLabel,CNS-051,Preeti Patel,+919934712197,Meta Campaign,USA,Canada,GRE,Application Started,2026-08-10,Yes,Discussed USA university intakes. Student evaluating budget.
LEAD-10647,2026-08-03,No,N/A,Daxesh Verma,+919695046220,student_10647@gmail.com,BR-OFF-06,Official Branch 06,Official,CNS-005,Alok Shah,+919031994523,Meta Campaign,New Zealand,Canada,Duolingo,Inquiry,2026-08-18,No,
LEAD-10648,2026-08-03,No,N/A,Diya Verma,+919882830392,student_10648@gmail.com,BR-OFF-07,Official Branch 07,Official,CNS-013,Amit Patel,+919407943839,Google Ads,Ireland,USA,No,Dropped,2026-08-18,Yes,None
LEAD-10649,2026-08-03,No,N/A,Meera Patel,+919636329809,student_10649@gmail.com,BR-WL-22,WhiteLabel Branch 22,WhiteLabel,CNS-007,Pooja Trivedi,+919213500298,Referral,Ireland,UK,Duolingo,Follow-up Stage,2026-08-10,Yes,"Detailed counseling given regarding loan options, visa requirements and university choices."
LEAD-10650,2026-08-03,No,N/A,Diya Trivedi,+918176591989,student_10650@gmail.com,BR-WL-06,WhiteLabel Branch 06,WhiteLabel,CNS-015,Mayank Shah,+919783543540,Google Ads,UK,Ireland,GRE,Follow-up Stage,2026-08-28,Yes,"Detailed counseling given regarding loan options, visa requirements and university choices."
LEAD-10651,2026-08-03,No,N/A,Pooja Shah,+918559805783,student_10651@gmail.com,BR-OFF-14,Official Branch 14,Official,CNS-023,Rohan Verma,+919381469012,Referral,Germany,USA,PTE,Follow-up Stage,2026-08-18,Yes,Discussed Germany university intakes. Student evaluating budget.
LEAD-10652,2026-08-03,No,N/A,Harsh Trivedi,+918482082455,student_10652@gmail.com,BR-WL-24,WhiteLabel Branch 24,WhiteLabel,CNS-003,Rajesh Patel,+919726600539,Website Form,Germany,New Zealand,No,Follow-up Stage,2026-08-10,Yes,Spoke with student. Student stated financial issue and dropped abroad plan.
LEAD-10653,2026-08-03,No,N/A,Meera Shah,+918106908102,student_10653@gmail.com,BR-WL-15,WhiteLabel Branch 15,WhiteLabel,CNS-052,Manish Chauhan,+919545098869,Education Fair,Australia,Ireland,PTE,Dropped,2026-08-18,Yes,Financial Issue
LEAD-10654,2026-08-03,No,N/A,Karan Gupta,+919776521844,student_10654@gmail.com,BR-WL-03,WhiteLabel Branch 03,WhiteLabel,CNS-087,Sneha Sharma,+919178575192,Walk-in,Canada,USA,GRE,Dropped,2026-08-18,Yes,Opted for Job
LEAD-10655,2026-08-03,No,N/A,Reyansh Trivedi,+918462925731,student_10655@gmail.com,BR-WL-04,WhiteLabel Branch 04,WhiteLabel,CNS-037,Priya Bhatt,+919627694430,Referral,Ireland,UK,Duolingo,Application Started,2026-08-10,Yes,Discussed Ireland university intakes. Student evaluating budget.
LEAD-10656,2026-08-03,No,N/A,Neha Mehta,+918793790998,student_10656@gmail.com,BR-WL-07,WhiteLabel Branch 07,WhiteLabel,CNS-075,Pankaj Rathod,+919618702544,Referral,Ireland,Australia,IELTS,Application Started,2026-08-10,Yes,Discussed Ireland university intakes. Student evaluating budget.
LEAD-10657,2026-08-03,No,N/A,Ananya Verma,+919580771521,student_10657@gmail.com,BR-WL-19,WhiteLabel Branch 19,WhiteLabel,CNS-077,Anjali Patel,+919104078666,Meta Campaign,Canada,UK,No,Application Started,2026-08-18,Yes,Discussed Canada university intakes. Student evaluating budget.
LEAD-10658,2026-08-03,No,N/A,Simran Trivedi,+919523781296,student_10658@gmail.com,BR-WL-07,WhiteLabel Branch 07,WhiteLabel,CNS-096,Rahul Shah,+919627255918,Website Form,Canada,Australia,No,Follow-up Stage,2026-08-18,Yes,Spoke with student. Student stated financial issue and dropped abroad plan.
LEAD-10659,2026-08-03,No,N/A,Arjun Singh,+918088315233,student_10659@gmail.com,BR-WL-07,WhiteLabel Branch 07,WhiteLabel,CNS-075,Pankaj Rathod,+919618702544,Google Ads,USA,UK,No,Inquiry,2026-08-18,No,
LEAD-10660,2026-08-03,No,N/A,Arjun Sharma,+918681433902,student_10660@gmail.com,BR-WL-23,WhiteLabel Branch 23,WhiteLabel,CNS-091,Manish Desai,+919747959430,Education Fair,Australia,UK,PTE,Application Started,2026-08-10,Yes,Discussed Australia university intakes. Student evaluating budget.
LEAD-10661,2026-08-03,No,N/A,Aadhya Desai,+919883206544,student_10661@gmail.com,BR-WL-18,WhiteLabel Branch 18,WhiteLabel,CNS-034,Bhavna Gupta,+919424806516,Education Fair,New Zealand,USA,No,Dropped,2026-08-10,Yes,Opted for Job
LEAD-10662,2026-08-03,No,N/A,Rohan Rathod,+919714164793,student_10662@gmail.com,BR-OFF-04,Official Branch 04,Official,CNS-057,Megha Joshi,+919257109965,Website Form,UK,USA,IELTS,Application Started,2026-08-10,Yes,Discussed UK university intakes. Student evaluating budget.
LEAD-10663,2026-08-03,No,N/A,Vihaan Gupta,+918087599528,student_10663@gmail.com,BR-OFF-04,Official Branch 04,Official,CNS-057,Megha Joshi,+919257109965,Meta Campaign,Ireland,Germany,Duolingo,Inquiry,2026-08-10,No,
LEAD-10664,2026-08-03,No,N/A,Deep Shah,+918265545455,student_10664@gmail.com,BR-WL-20,WhiteLabel Branch 20,WhiteLabel,CNS-045,Harish Bhatt,+919122998994,Website Form,UK,Australia,GRE,Follow-up Stage,2026-08-28,Yes,"Detailed counseling given regarding loan options, visa requirements and university choices."
LEAD-10665,2026-08-03,No,N/A,Avani Mehta,+919253158475,student_10665@gmail.com,BR-WL-24,WhiteLabel Branch 24,WhiteLabel,CNS-001,Bhavna Patel,+919026855092,Education Fair,New Zealand,Germany,GRE,Inquiry,2026-08-10,No,
LEAD-10666,2026-08-03,No,N/A,Chiara Rathod,+918202518922,student_10666@gmail.com,BR-WL-10,WhiteLabel Branch 10,WhiteLabel,CNS-043,Neha Rathod,+919502564736,Website Form,USA,New Zealand,IELTS,Application Started,2026-08-28,Yes,Discussed USA university intakes. Student evaluating budget.
LEAD-10667,2026-08-03,Yes,2026-06-13,Pooja Shah,+917994031334,student_repeat_45@gmail.com,BR-WL-15,WhiteLabel Branch 15,WhiteLabel,CNS-062,Rohan Joshi,+919566585408,Walk-in,Ireland,USA,No,Dropped,2026-08-18,Yes,Spoke with student. Student stated financial issue and dropped abroad plan.
LEAD-10668,2026-08-03,No,N/A,Pari Joshi,+919570981385,student_10668@gmail.com,BR-WL-24,WhiteLabel Branch 24,WhiteLabel,CNS-094,Anjali Shah,+919621890096,Education Fair,UK,USA,IELTS,Follow-up Stage,2026-08-18,Yes,"Detailed counseling given regarding loan options, visa requirements and university choices."
LEAD-10669,2026-08-03,Yes,2026-06-22,Riya Shah,+917461479973,student_repeat_38@gmail.com,BR-OFF-22,Official Branch 22,Official,CNS-012,Kavita Sharma,+919819795579,Walk-in,USA,UK,GRE,Inquiry,2026-08-18,No,
LEAD-10670,2026-08-03,No,N/A,Ananya Verma,+918611895158,student_10670@gmail.com,BR-OFF-12,Official Branch 12,Official,CNS-083,Swati Mehta,+919452991960,Referral,UK,Canada,PTE,Inquiry,2026-08-18,No,
LEAD-10671,2026-08-03,No,N/A,Neha Desai,+919470944563,student_10671@gmail.com,BR-WL-03,WhiteLabel Branch 03,WhiteLabel,CNS-078,Alok Verma,+919454814084,Google Ads,USA,New Zealand,IELTS,Follow-up Stage,2026-08-28,Yes,"Detailed counseling given regarding loan options, visa requirements and university choices."
LEAD-10672,2026-08-03,No,N/A,Chiara Desai,+919209155858,student_10672@gmail.com,BR-WL-19,WhiteLabel Branch 19,WhiteLabel,CNS-077,Anjali Patel,+919104078666,Walk-in,Canada,Germany,PTE,Follow-up Stage,2026-08-18,Yes,Spoke with student. Student stated financial issue and dropped abroad plan.
LEAD-10673,2026-08-03,Yes,2026-06-24,Krishna Shah,+917795890631,student_repeat_32@gmail.com,BR-OFF-09,Official Branch 09,Official,CNS-060,Monika Trivedi,+919822308461,Referral,UK,New Zealand,GRE,Inquiry,2026-08-28,No,
LEAD-10674,2026-08-03,No,N/A,Aadhya Sharma,+919721304124,student_10674@gmail.com,BR-WL-15,WhiteLabel Branch 15,WhiteLabel,CNS-062,Rohan Joshi,+919566585408,Meta Campaign,UK,USA,PTE,Follow-up Stage,2026-08-28,Yes,"Detailed counseling given regarding loan options, visa requirements and university choices."
LEAD-10675,2026-08-03,Yes,2026-06-05,Myra Joshi,+917279995032,student_repeat_4@gmail.com,BR-WL-15,WhiteLabel Branch 15,WhiteLabel,CNS-006,Anjali Sharma,+919542621108,Education Fair,Canada,Ireland,Duolingo,Inquiry,2026-08-18,No,
LEAD-10676,2026-08-03,No,N/A,Avani Desai,+918763339466,student_10676@gmail.com,BR-OFF-14,Official Branch 14,Official,CNS-033,Megha Bhatt,+919337882805,Education Fair,Canada,Ireland,IELTS,Follow-up Stage,2026-08-28,Yes,Discussed Canada university intakes. Student evaluating budget.
LEAD-10677,2026-08-03,No,N/A,Aditya Verma,+919882817775,student_10677@gmail.com,BR-WL-23,WhiteLabel Branch 23,WhiteLabel,CNS-091,Manish Desai,+919747959430,Meta Campaign,USA,Ireland,Duolingo,Follow-up Stage,2026-08-18,Yes,"Detailed counseling given regarding loan options, visa requirements and university choices."
LEAD-10678,2026-08-03,No,N/A,Deep Shah,+918453265881,student_10678@gmail.com,BR-WL-20,WhiteLabel Branch 20,WhiteLabel,CNS-024,Harish Joshi,+919753573823,Website Form,Ireland,Germany,PTE,Follow-up Stage,2026-08-10,Yes,"Detailed counseling given regarding loan options, visa requirements and university choices."
LEAD-10679,2026-08-03,Yes,2026-07-04,Ananya Shah,+917721221887,student_repeat_7@gmail.com,BR-OFF-24,Official Branch 24,Official,CNS-022,Swati Chauhan,+919895619255,Referral,Australia,Germany,Duolingo,Follow-up Stage,2026-08-28,Yes,"Detailed counseling given regarding loan options, visa requirements and university choices."
LEAD-10680,2026-08-03,No,N/A,Prisha Joshi,+919483185983,student_10680@gmail.com,BR-WL-03,WhiteLabel Branch 03,WhiteLabel,CNS-087,Sneha Sharma,+919178575192,Referral,Ireland,Australia,PTE,Follow-up Stage,2026-08-10,Yes,Discussed Ireland university intakes. Student evaluating budget.
LEAD-10681,2026-08-03,Yes,2026-06-07,Reyansh Singh,+917284756779,student_repeat_12@gmail.com,BR-WL-14,WhiteLabel Branch 14,WhiteLabel,CNS-004,Megha Trivedi,+919093349856,Google Ads,Australia,New Zealand,GRE,Dropped,2026-08-18,Yes,Spoke with student. Student stated financial issue and dropped abroad plan.
LEAD-10682,2026-08-03,Yes,2026-06-20,Pooja Joshi,+917840081098,student_repeat_49@gmail.com,BR-WL-19,WhiteLabel Branch 19,WhiteLabel,CNS-019,Deepa Patel,+919049203558,Walk-in,Australia,Canada,IELTS,Dropped,2026-08-10,Yes,Opted for Job
LEAD-10683,2026-08-03,Yes,2026-06-16,Krishna Patel,+917099104722,student_repeat_28@gmail.com,BR-WL-13,WhiteLabel Branch 13,WhiteLabel,CNS-032,Sneha Sharma,+919980472440,Google Ads,USA,Ireland,Duolingo,Dropped,2026-08-10,Yes,None
LEAD-10684,2026-08-03,No,N/A,Pooja Trivedi,+919279555692,student_10684@gmail.com,BR-WL-24,WhiteLabel Branch 24,WhiteLabel,CNS-094,Anjali Shah,+919621890096,Education Fair,USA,Canada,Duolingo,Dropped,2026-08-28,Yes,No Response
LEAD-10685,2026-08-03,No,N/A,Myra Patel,+918906247862,student_10685@gmail.com,BR-WL-23,WhiteLabel Branch 23,WhiteLabel,CNS-074,Anjali Trivedi,+919142068763,Meta Campaign,Germany,Canada,PTE,Follow-up Stage,2026-08-18,Yes,"Detailed counseling given regarding loan options, visa requirements and university choices."
LEAD-10686,2026-08-03,No,N/A,Daxesh Joshi,+918962771444,student_10686@gmail.com,BR-WL-06,WhiteLabel Branch 06,WhiteLabel,CNS-090,Pooja Desai,+919284759615,Walk-in,Canada,USA,PTE,Follow-up Stage,2026-08-18,Yes,Spoke with student. Student stated financial issue and dropped abroad plan.
LEAD-10687,2026-08-03,No,N/A,Myra Mehta,+919261987468,student_10687@gmail.com,BR-WL-02,WhiteLabel Branch 02,WhiteLabel,CNS-088,Gaurav Gupta,+919229509408,Meta Campaign,Germany,New Zealand,Duolingo,Dropped,2026-08-18,Yes,Opted for Job
LEAD-10688,2026-08-03,No,N/A,Daxesh Joshi,+919709338273,student_10688@gmail.com,BR-WL-12,WhiteLabel Branch 12,WhiteLabel,CNS-061,Kavita Chauhan,+919510330567,Google Ads,Germany,UK,PTE,Follow-up Stage,2026-08-10,Yes,Spoke with student. Student stated financial issue and dropped abroad plan.
LEAD-10689,2026-08-03,Yes,2026-06-29,Reyansh Singh,+917284756779,student_repeat_12@gmail.com,BR-WL-03,WhiteLabel Branch 03,WhiteLabel,CNS-078,Alok Verma,+919454814084,Walk-in,Canada,Germany,Duolingo,Follow-up Stage,2026-08-10,Yes,Discussed Canada university intakes. Student evaluating budget.
LEAD-10690,2026-08-03,No,N/A,Saanvi Rathod,+918340602652,student_10690@gmail.com,BR-OFF-14,Official Branch 14,Official,CNS-023,Rohan Verma,+919381469012,Education Fair,Canada,UK,PTE,Inquiry,2026-08-28,No,
LEAD-10691,2026-08-03,No,N/A,Riya Mehta,+919044461535,student_10691@gmail.com,BR-WL-18,WhiteLabel Branch 18,WhiteLabel,CNS-034,Bhavna Gupta,+919424806516,Meta Campaign,New Zealand,USA,IELTS,Follow-up Stage,2026-08-28,Yes,"Detailed counseling given regarding loan options, visa requirements and university choices."
LEAD-10692,2026-08-03,No,N/A,Myra Trivedi,+919437710003,student_10692@gmail.com,BR-OFF-17,Official Branch 17,Official,CNS-014,Sanjay Verma,+919648245888,Referral,Canada,Germany,Duolingo,Inquiry,2026-08-10,No,
LEAD-10693,2026-08-03,No,N/A,Myra Sharma,+918358729193,student_10693@gmail.com,BR-OFF-07,Official Branch 07,Official,CNS-081,Neha Bhatt,+919364323393,Website Form,New Zealand,UK,PTE,Application Started,2026-08-18,Yes,Discussed New Zealand university intakes. Student evaluating budget.
LEAD-10694,2026-08-03,No,N/A,Vihaan Shah,+919389621568,student_10694@gmail.com,BR-OFF-08,Official Branch 08,Official,CNS-047,Monika Chauhan,+919365260635,Meta Campaign,New Zealand,UK,IELTS,Follow-up Stage,2026-08-18,Yes,"Detailed counseling given regarding loan options, visa requirements and university choices."
LEAD-10695,2026-08-03,No,N/A,Chiara Joshi,+918615808761,student_10695@gmail.com,BR-WL-19,WhiteLabel Branch 19,WhiteLabel,CNS-065,Deepa Joshi,+919428414718,Google Ads,Canada,Australia,PTE,Follow-up Stage,2026-08-18,Yes,Spoke with student. Student stated financial issue and dropped abroad plan.
LEAD-10696,2026-08-03,No,N/A,Ayaan Shah,+919617498125,student_10696@gmail.com,BR-OFF-04,Official Branch 04,Official,CNS-097,Preeti Trivedi,+919169042105,Education Fair,Australia,UK,GRE,Follow-up Stage,2026-08-18,Yes,"Detailed counseling given regarding loan options, visa requirements and university choices."
LEAD-10697,2026-08-03,No,N/A,Rohan Joshi,+918063915397,student_10697@gmail.com,BR-OFF-04,Official Branch 04,Official,CNS-057,Megha Joshi,+919257109965,Google Ads,New Zealand,Canada,No,Inquiry,2026-08-10,No,
LEAD-10698,2026-08-03,No,N/A,Sai Verma,+918132002235,student_10698@gmail.com,BR-WL-17,WhiteLabel Branch 17,WhiteLabel,CNS-051,Preeti Patel,+919934712197,Website Form,Ireland,New Zealand,GRE,Inquiry,2026-08-10,No,
LEAD-10699,2026-08-03,No,N/A,Jignesh Rathod,+919504935912,student_10699@gmail.com,BR-OFF-03,Official Branch 03,Official,CNS-071,Rahul Sharma,+919072370545,Meta Campaign,Ireland,New Zealand,PTE,Inquiry,2026-08-10,No,
LEAD-10700,2026-08-03,No,N/A,Neha Shah,+919503872204,student_10700@gmail.com,BR-WL-15,WhiteLabel Branch 15,WhiteLabel,CNS-052,Manish Chauhan,+919545098869,Walk-in,Ireland,UK,No,Follow-up Stage,2026-08-28,Yes,Spoke with student. Student stated financial issue and dropped abroad plan.
LEAD-10701,2026-08-03,No,N/A,Jignesh Rathod,+918868669387,student_10701@gmail.com,BR-OFF-08,Official Branch 08,Official,CNS-100,Sachin Sharma,+919433550699,Google Ads,USA,Canada,IELTS,Inquiry,2026-08-18,No,
LEAD-10702,2026-08-03,No,N/A,Pooja Shah,+919117700168,student_10702@gmail.com,BR-WL-17,WhiteLabel Branch 17,WhiteLabel,CNS-070,Pooja Patel,+919760038427,Meta Campaign,UK,Canada,No,Inquiry,2026-08-28,No,
LEAD-10703,2026-08-03,No,N/A,Daxesh Shah,+918050297822,student_10703@gmail.com,BR-WL-14,WhiteLabel Branch 14,WhiteLabel,CNS-004,Megha Trivedi,+919093349856,Education Fair,Germany,USA,GRE,Follow-up Stage,2026-08-18,Yes,"Detailed counseling given regarding loan options, visa requirements and university choices."
LEAD-10704,2026-08-03,No,N/A,Harsh Joshi,+918557822746,student_10704@gmail.com,BR-OFF-07,Official Branch 07,Official,CNS-081,Neha Bhatt,+919364323393,Education Fair,USA,Canada,IELTS,Follow-up Stage,2026-08-10,Yes,"Detailed counseling given regarding loan options, visa requirements and university choices."
LEAD-10705,2026-08-03,No,N/A,Pari Joshi,+918507015141,student_10705@gmail.com,BR-WL-07,WhiteLabel Branch 07,WhiteLabel,CNS-096,Rahul Shah,+919627255918,Education Fair,Germany,New Zealand,No,Follow-up Stage,2026-08-10,Yes,"Detailed counseling given regarding loan options, visa requirements and university choices."
LEAD-10706,2026-08-03,No,N/A,Harsh Trivedi,+919444040600,student_10706@gmail.com,BR-OFF-13,Official Branch 13,Official,CNS-018,Nikhil Verma,+919619927151,Referral,Australia,Ireland,GRE,Follow-up Stage,2026-08-28,Yes,Discussed Australia university intakes. Student evaluating budget.
LEAD-10707,2026-08-03,Yes,2026-06-21,Pooja Shah,+917994031334,student_repeat_45@gmail.com,BR-WL-25,WhiteLabel Branch 25,WhiteLabel,CNS-053,Anjali Mehta,+919401486939,Website Form,Canada,UK,Duolingo,Follow-up Stage,2026-08-18,Yes,"Detailed counseling given regarding loan options, visa requirements and university choices."
LEAD-10708,2026-08-03,No,N/A,Myra Verma,+919263234614,student_10708@gmail.com,BR-WL-09,WhiteLabel Branch 09,WhiteLabel,CNS-072,Sachin Verma,+919076082500,Education Fair,New Zealand,Australia,PTE,Inquiry,2026-08-28,No,
LEAD-10709,2026-08-03,No,N/A,Pari Gupta,+919571350202,student_10709@gmail.com,BR-WL-10,WhiteLabel Branch 10,WhiteLabel,CNS-054,Rohan Trivedi,+919836043811,Google Ads,UK,Ireland,GRE,Inquiry,2026-08-18,No,
LEAD-10710,2026-08-03,Yes,2026-06-18,Pooja Shah,+917994031334,student_repeat_45@gmail.com,BR-WL-14,WhiteLabel Branch 14,WhiteLabel,CNS-068,Sneha Verma,+919022585366,Website Form,Ireland,UK,Duolingo,Inquiry,2026-08-28,No,
LEAD-10711,2026-08-03,No,N/A,Riya Joshi,+918255048171,student_10711@gmail.com,BR-WL-03,WhiteLabel Branch 03,WhiteLabel,CNS-078,Alok Verma,+919454814084,Walk-in,Canada,UK,PTE,Inquiry,2026-08-10,No,
LEAD-10712,2026-08-03,No,N/A,Vihaan Joshi,+918654820572,student_10712@gmail.com,BR-WL-06,WhiteLabel Branch 06,WhiteLabel,CNS-048,Manish Desai,+919169820594,Meta Campaign,USA,Germany,IELTS,Follow-up Stage,2026-08-10,Yes,"Detailed counseling given regarding loan options, visa requirements and university choices."
LEAD-10713,2026-08-03,No,N/A,Ishaan Desai,+918462957663,student_10713@gmail.com,BR-WL-20,WhiteLabel Branch 20,WhiteLabel,CNS-024,Harish Joshi,+919753573823,Referral,Australia,Canada,IELTS,Inquiry,2026-08-10,No,
LEAD-10714,2026-08-03,No,N/A,Aadhya Gupta,+919230635030,student_10714@gmail.com,BR-OFF-08,Official Branch 08,Official,CNS-040,Sneha Shah,+919924602213,Education Fair,Australia,USA,Duolingo,Inquiry,2026-08-28,No,
LEAD-10715,2026-08-03,No,N/A,Arjun Shah,+919083972131,student_10715@gmail.com,BR-WL-11,WhiteLabel Branch 11,WhiteLabel,CNS-082,Vikram Sharma,+919204235259,Walk-in,New Zealand,Australia,Duolingo,Follow-up Stage,2026-08-28,Yes,Discussed New Zealand university intakes. Student evaluating budget.
LEAD-10716,2026-08-03,No,N/A,Ananya Joshi,+919161776743,student_10716@gmail.com,BR-WL-15,WhiteLabel Branch 15,WhiteLabel,CNS-006,Anjali Sharma,+919542621108,Referral,Australia,New Zealand,PTE,Dropped,2026-08-10,Yes,Spoke with student. Student stated financial issue and dropped abroad plan.
LEAD-10717,2026-08-03,No,N/A,Simran Desai,+919204833574,student_10717@gmail.com,BR-OFF-12,Official Branch 12,Official,CNS-083,Swati Mehta,+919452991960,Website Form,Ireland,Germany,IELTS,Dropped,2026-08-28,Yes,None
LEAD-10718,2026-08-03,No,N/A,Karan Gupta,+919079408602,student_10718@gmail.com,BR-WL-24,WhiteLabel Branch 24,WhiteLabel,CNS-003,Rajesh Patel,+919726600539,Website Form,Ireland,Germany,GRE,Inquiry,2026-08-18,No,
LEAD-10719,2026-08-03,No,N/A,Harsh Trivedi,+918953975524,student_10719@gmail.com,BR-OFF-18,Official Branch 18,Official,CNS-011,Deepa Desai,+919365341213,Education Fair,Germany,USA,Duolingo,Inquiry,2026-08-18,No,
LEAD-10720,2026-08-03,No,N/A,Aarav Joshi,+918938487761,student_10720@gmail.com,BR-WL-20,WhiteLabel Branch 20,WhiteLabel,CNS-024,Harish Joshi,+919753573823,Walk-in,Canada,Ireland,PTE,Follow-up Stage,2026-08-10,Yes,Discussed Canada university intakes. Student evaluating budget.
LEAD-10721,2026-08-03,No,N/A,Sai Desai,+919649921764,student_10721@gmail.com,BR-OFF-22,Official Branch 22,Official,CNS-012,Kavita Sharma,+919819795579,Google Ads,USA,Germany,GRE,Follow-up Stage,2026-08-18,Yes,Discussed USA university intakes. Student evaluating budget.
LEAD-10722,2026-08-03,No,N/A,Diya Shah,+918886530237,student_10722@gmail.com,BR-WL-01,WhiteLabel Branch 01,WhiteLabel,CNS-042,Alok Rathod,+919068212356,Meta Campaign,Australia,Canada,IELTS,Follow-up Stage,2026-08-28,Yes,Discussed Australia university intakes. Student evaluating budget.
LEAD-10723,2026-08-03,No,N/A,Ananya Sharma,+918578290571,student_10723@gmail.com,BR-WL-03,WhiteLabel Branch 03,WhiteLabel,CNS-008,Bhavna Bhatt,+919585126461,Meta Campaign,Australia,Ireland,Duolingo,Dropped,2026-08-10,Yes,Dropped Plan
LEAD-10724,2026-08-03,No,N/A,Avani Rathod,+918217989820,student_10724@gmail.com,BR-WL-13,WhiteLabel Branch 13,WhiteLabel,CNS-032,Sneha Sharma,+919980472440,Education Fair,Ireland,UK,PTE,Inquiry,2026-08-18,No,
LEAD-10725,2026-08-03,Yes,2026-06-18,Saanvi Patel,+917965212976,student_repeat_40@gmail.com,BR-OFF-18,Official Branch 18,Official,CNS-027,Rohan Gupta,+919407437181,Google Ads,USA,Ireland,GRE,Follow-up Stage,2026-08-28,Yes,"Detailed counseling given regarding loan options, visa requirements and university choices."
LEAD-10726,2026-08-03,Yes,2026-06-04,Daxesh Verma,+917890505735,student_repeat_29@gmail.com,BR-OFF-04,Official Branch 04,Official,CNS-080,Bhavna Chauhan,+919105675387,Meta Campaign,Ireland,UK,IELTS,Dropped,2026-08-18,Yes,Planning in India
LEAD-10727,2026-08-03,No,N/A,Reyansh Trivedi,+919805355560,student_10727@gmail.com,BR-WL-10,WhiteLabel Branch 10,WhiteLabel,CNS-066,Bhavna Verma,+919470406376,Meta Campaign,Canada,USA,No,Inquiry,2026-08-18,No,
LEAD-10728,2026-08-03,Yes,2026-07-01,Deep Verma,+917666430218,student_repeat_44@gmail.com,BR-OFF-13,Official Branch 13,Official,CNS-018,Nikhil Verma,+919619927151,Referral,Germany,USA,Duolingo,Application Started,2026-08-28,Yes,Discussed Germany university intakes. Student evaluating budget.
LEAD-10729,2026-08-03,No,N/A,Karan Gupta,+918586291261,student_10729@gmail.com,BR-WL-13,WhiteLabel Branch 13,WhiteLabel,CNS-032,Sneha Sharma,+919980472440,Referral,USA,Australia,GRE,Inquiry,2026-08-28,No,
LEAD-10730,2026-08-03,No,N/A,Neha Shah,+919388226394,student_10730@gmail.com,BR-WL-24,WhiteLabel Branch 24,WhiteLabel,CNS-001,Bhavna Patel,+919026855092,Education Fair,Australia,Canada,IELTS,Follow-up Stage,2026-08-18,Yes,Spoke with student. Student stated financial issue and dropped abroad plan.
LEAD-10731,2026-08-03,No,N/A,Riya Sharma,+919690725117,student_10731@gmail.com,BR-OFF-05,Official Branch 05,Official,CNS-084,Priya Gupta,+919268227631,Referral,Canada,Ireland,IELTS,Follow-up Stage,2026-08-28,Yes,"Detailed counseling given regarding loan options, visa requirements and university choices."
LEAD-10732,2026-08-03,No,N/A,Ananya Trivedi,+918768725582,student_10732@gmail.com,BR-OFF-12,Official Branch 12,Official,CNS-050,Priya Trivedi,+919818150683,Google Ads,New Zealand,Ireland,IELTS,Application Started,2026-08-18,Yes,Discussed New Zealand university intakes. Student evaluating budget.
LEAD-10733,2026-08-03,No,N/A,Karan Desai,+919461479331,student_10733@gmail.com,BR-WL-23,WhiteLabel Branch 23,WhiteLabel,CNS-091,Manish Desai,+919747959430,Meta Campaign,UK,Canada,No,Dropped,2026-08-28,Yes,Spoke with student. Student stated financial issue and dropped abroad plan.
LEAD-10734,2026-08-03,No,N/A,Chiara Joshi,+918079018898,student_10734@gmail.com,BR-WL-11,WhiteLabel Branch 11,WhiteLabel,CNS-036,Vikram Bhatt,+919602764446,Walk-in,Ireland,New Zealand,No,Dropped,2026-08-10,Yes,Opted for Job
LEAD-10735,2026-08-03,No,N/A,Myra Gupta,+918366096772,student_10735@gmail.com,BR-OFF-03,Official Branch 03,Official,CNS-071,Rahul Sharma,+919072370545,Google Ads,Ireland,New Zealand,No,Dropped,2026-08-28,Yes,Spoke with student. Student stated financial issue and dropped abroad plan.
LEAD-10736,2026-08-03,Yes,2026-06-11,Daxesh Desai,+917490941149,student_repeat_8@gmail.com,BR-OFF-18,Official Branch 18,Official,CNS-009,Vikram Gupta,+919632719211,Google Ads,USA,Ireland,GRE,Follow-up Stage,2026-08-28,Yes,"Detailed counseling given regarding loan options, visa requirements and university choices."
LEAD-10737,2026-08-03,No,N/A,Meera Rathod,+919144483188,student_10737@gmail.com,BR-WL-20,WhiteLabel Branch 20,WhiteLabel,CNS-079,Swati Bhatt,+919058165865,Meta Campaign,Ireland,Germany,Duolingo,Dropped,2026-08-18,Yes,Competitor Joined
LEAD-10738,2026-08-03,No,N/A,Aadhya Verma,+918588486969,student_10738@gmail.com,BR-WL-01,WhiteLabel Branch 01,WhiteLabel,CNS-016,Karan Patel,+919990307112,Referral,Germany,Australia,Duolingo,Dropped,2026-08-10,Yes,Dropped Plan
LEAD-10739,2026-08-03,No,N/A,Riya Gupta,+918679124460,student_10739@gmail.com,BR-WL-24,WhiteLabel Branch 24,WhiteLabel,CNS-001,Bhavna Patel,+919026855092,Walk-in,UK,Australia,IELTS,Follow-up Stage,2026-08-10,Yes,"Detailed counseling given regarding loan options, visa requirements and university choices."
LEAD-10740,2026-08-03,No,N/A,Reyansh Shah,+918707004527,student_10740@gmail.com,BR-OFF-08,Official Branch 08,Official,CNS-040,Sneha Shah,+919924602213,Website Form,Ireland,New Zealand,IELTS,Follow-up Stage,2026-08-18,Yes,Discussed Ireland university intakes. Student evaluating budget.
LEAD-10741,2026-08-03,No,N/A,Vihaan Gupta,+918511872506,student_10741@gmail.com,BR-OFF-01,Official Branch 01,Official,CNS-044,Priya Trivedi,+919924255163,Website Form,New Zealand,USA,No,Follow-up Stage,2026-08-10,Yes,"Detailed counseling given regarding loan options, visa requirements and university choices."
LEAD-10742,2026-08-03,Yes,2026-06-16,Krishna Patel,+917099104722,student_repeat_28@gmail.com,BR-WL-01,WhiteLabel Branch 01,WhiteLabel,CNS-016,Karan Patel,+919990307112,Website Form,Canada,UK,Duolingo,Follow-up Stage,2026-08-28,Yes,Discussed Canada university intakes. Student evaluating budget.
LEAD-10743,2026-08-03,No,N/A,Vivaan Desai,+919311551233,student_10743@gmail.com,BR-OFF-07,Official Branch 07,Official,CNS-081,Neha Bhatt,+919364323393,Walk-in,Canada,UK,IELTS,Inquiry,2026-08-18,No,
LEAD-10744,2026-08-03,No,N/A,Ananya Sharma,+919325645902,student_10744@gmail.com,BR-OFF-04,Official Branch 04,Official,CNS-097,Preeti Trivedi,+919169042105,Walk-in,UK,Ireland,No,Application Started,2026-08-18,Yes,Discussed UK university intakes. Student evaluating budget.
LEAD-10745,2026-08-03,No,N/A,Rohan Patel,+918975122423,student_10745@gmail.com,BR-OFF-15,Official Branch 15,Official,CNS-067,Swati Patel,+919266186631,Meta Campaign,Germany,UK,IELTS,Follow-up Stage,2026-08-28,Yes,Discussed Germany university intakes. Student evaluating budget.
LEAD-10746,2026-08-03,No,N/A,Daxesh Singh,+918550370215,student_10746@gmail.com,BR-OFF-18,Official Branch 18,Official,CNS-046,Megha Trivedi,+919806248900,Walk-in,Australia,New Zealand,No,Inquiry,2026-08-10,No,
LEAD-10747,2026-08-03,Yes,2026-07-03,Prisha Sharma,+917450139320,student_repeat_2@gmail.com,BR-WL-17,WhiteLabel Branch 17,WhiteLabel,CNS-017,Sneha Trivedi,+919314797776,Meta Campaign,Germany,Australia,No,Inquiry,2026-08-18,No,
LEAD-10748,2026-08-03,Yes,2026-06-25,Krishna Patel,+917003807155,student_repeat_30@gmail.com,BR-WL-03,WhiteLabel Branch 03,WhiteLabel,CNS-078,Alok Verma,+919454814084,Meta Campaign,USA,Australia,IELTS,Inquiry,2026-08-28,No,
LEAD-10749,2026-08-03,No,N/A,Vivaan Mehta,+919089005843,student_10749@gmail.com,BR-WL-09,WhiteLabel Branch 09,WhiteLabel,CNS-072,Sachin Verma,+919076082500,Website Form,Australia,USA,GRE,Inquiry,2026-08-28,No,
LEAD-10750,2026-08-03,Yes,2026-06-13,Reyansh Singh,+917284756779,student_repeat_12@gmail.com,BR-WL-12,WhiteLabel Branch 12,WhiteLabel,CNS-061,Kavita Chauhan,+919510330567,Referral,Ireland,Australia,No,Follow-up Stage,2026-08-28,Yes,Spoke with student. Student stated financial issue and dropped abroad plan.
LEAD-10751,2026-08-03,No,N/A,Aadhya Joshi,+918348493628,student_10751@gmail.com,BR-OFF-17,Official Branch 17,Official,CNS-014,Sanjay Verma,+919648245888,Walk-in,New Zealand,Canada,Duolingo,Follow-up Stage,2026-08-10,Yes,Discussed New Zealand university intakes. Student evaluating budget.
LEAD-10752,2026-08-03,No,N/A,Ayaan Gupta,+919577511798,student_10752@gmail.com,BR-WL-20,WhiteLabel Branch 20,WhiteLabel,CNS-099,Sneha Rathod,+919072972420,Meta Campaign,New Zealand,Ireland,Duolingo,Follow-up Stage,2026-08-10,Yes,Discussed New Zealand university intakes. Student evaluating budget.
LEAD-10753,2026-08-03,Yes,2026-06-17,Avani Trivedi,+917042672287,student_repeat_1@gmail.com,BR-WL-06,WhiteLabel Branch 06,WhiteLabel,CNS-015,Mayank Shah,+919783543540,Google Ads,USA,Germany,GRE,Dropped,2026-08-18,Yes,Spoke with student. Student stated financial issue and dropped abroad plan.
LEAD-10754,2026-08-03,No,N/A,Reyansh Mehta,+918610102013,student_10754@gmail.com,BR-OFF-14,Official Branch 14,Official,CNS-023,Rohan Verma,+919381469012,Google Ads,USA,New Zealand,GRE,Follow-up Stage,2026-08-28,Yes,Discussed USA university intakes. Student evaluating budget.
LEAD-10755,2026-08-03,No,N/A,Krishna Sharma,+918045083752,student_10755@gmail.com,BR-WL-03,WhiteLabel Branch 03,WhiteLabel,CNS-087,Sneha Sharma,+919178575192,Google Ads,Australia,New Zealand,IELTS,Application Started,2026-08-10,Yes,Discussed Australia university intakes. Student evaluating budget.
LEAD-10756,2026-08-03,No,N/A,Rohan Shah,+919131566550,student_10756@gmail.com,BR-OFF-04,Official Branch 04,Official,CNS-080,Bhavna Chauhan,+919105675387,Walk-in,Ireland,Canada,IELTS,Follow-up Stage,2026-08-10,Yes,Discussed Ireland university intakes. Student evaluating budget.
LEAD-10757,2026-08-03,No,N/A,Saanvi Joshi,+919287522020,student_10757@gmail.com,BR-OFF-21,Official Branch 21,Official,CNS-055,Pankaj Shah,+919643111853,Referral,UK,Canada,No,Inquiry,2026-08-28,No,
LEAD-10758,2026-08-03,No,N/A,Arjun Joshi,+918530797085,student_10758@gmail.com,BR-WL-22,WhiteLabel Branch 22,WhiteLabel,CNS-007,Pooja Trivedi,+919213500298,Referral,New Zealand,USA,GRE,Follow-up Stage,2026-08-28,Yes,"Detailed counseling given regarding loan options, visa requirements and university choices."
LEAD-10759,2026-08-03,Yes,2026-06-09,Krishna Patel,+917003807155,student_repeat_30@gmail.com,BR-OFF-04,Official Branch 04,Official,CNS-085,Swati Trivedi,+919105128697,Education Fair,Canada,USA,No,Dropped,2026-08-28,Yes,Planning in India
LEAD-10760,2026-08-03,No,N/A,Diya Joshi,+919128450409,student_10760@gmail.com,BR-WL-01,WhiteLabel Branch 01,WhiteLabel,CNS-089,Megha Shah,+919176777762,Walk-in,Ireland,Australia,Duolingo,Dropped,2026-08-18,Yes,Competitor Joined
LEAD-10761,2026-08-03,No,N/A,Reyansh Gupta,+919853639740,student_10761@gmail.com,BR-OFF-18,Official Branch 18,Official,CNS-031,Mayank Verma,+919430747414,Walk-in,UK,Australia,Duolingo,Follow-up Stage,2026-08-28,Yes,"Detailed counseling given regarding loan options, visa requirements and university choices."
LEAD-10762,2026-08-03,No,N/A,Arjun Sharma,+918633610797,student_10762@gmail.com,BR-OFF-04,Official Branch 04,Official,CNS-057,Megha Joshi,+919257109965,Education Fair,USA,UK,No,Application Started,2026-08-28,Yes,Discussed USA university intakes. Student evaluating budget.
LEAD-10763,2026-08-03,No,N/A,Aadhya Joshi,+919727660187,student_10763@gmail.com,BR-OFF-13,Official Branch 13,Official,CNS-064,Monika Bhatt,+919740739735,Meta Campaign,USA,Germany,IELTS,Dropped,2026-08-10,Yes,Financial Issue
LEAD-10764,2026-08-03,Yes,2026-06-18,Krishna Shah,+917795890631,student_repeat_32@gmail.com,BR-WL-17,WhiteLabel Branch 17,WhiteLabel,CNS-070,Pooja Patel,+919760038427,Referral,Canada,Australia,GRE,Follow-up Stage,2026-08-10,Yes,Discussed Canada university intakes. Student evaluating budget.
LEAD-10765,2026-08-03,No,N/A,Rohan Joshi,+918536921695,student_10765@gmail.com,BR-WL-08,WhiteLabel Branch 08,WhiteLabel,CNS-039,Vikram Mehta,+919547099690,Referral,New Zealand,Ireland,PTE,Dropped,2026-08-28,Yes,Competitor Joined
LEAD-10766,2026-08-03,No,N/A,Karan Desai,+918605258104,student_10766@gmail.com,BR-WL-20,WhiteLabel Branch 20,WhiteLabel,CNS-045,Harish Bhatt,+919122998994,Walk-in,Australia,Ireland,IELTS,Inquiry,2026-08-28,No,
LEAD-10767,2026-08-03,No,N/A,Arjun Verma,+918488721093,student_10767@gmail.com,BR-OFF-03,Official Branch 03,Official,CNS-030,Monika Shah,+919245938494,Referral,Ireland,UK,Duolingo,Dropped,2026-08-28,Yes,None
LEAD-10768,2026-08-03,No,N/A,Diya Sharma,+918672323084,student_10768@gmail.com,BR-WL-17,WhiteLabel Branch 17,WhiteLabel,CNS-025,Bhavna Patel,+919654049436,Walk-in,New Zealand,Ireland,Duolingo,Dropped,2026-08-18,Yes,Financial Issue
LEAD-10769,2026-08-03,No,N/A,Arjun Desai,+919584424311,student_10769@gmail.com,BR-OFF-09,Official Branch 09,Official,CNS-002,Priya Sharma,+919239670711,Walk-in,New Zealand,Ireland,PTE,Dropped,2026-08-18,Yes,None
LEAD-10770,2026-08-03,No,N/A,Riya Desai,+918700250428,student_10770@gmail.com,BR-WL-03,WhiteLabel Branch 03,WhiteLabel,CNS-076,Vikram Gupta,+919867043303,Website Form,Germany,Canada,GRE,Dropped,2026-08-18,Yes,None
LEAD-10771,2026-08-03,No,N/A,Ananya Sharma,+919147809786,student_10771@gmail.com,BR-OFF-12,Official Branch 12,Official,CNS-050,Priya Trivedi,+919818150683,Google Ads,Australia,Canada,PTE,Inquiry,2026-08-18,No,
LEAD-10772,2026-08-03,No,N/A,Ishaan Sharma,+918368129512,student_10772@gmail.com,BR-OFF-17,Official Branch 17,Official,CNS-014,Sanjay Verma,+919648245888,Referral,Germany,UK,IELTS,Follow-up Stage,2026-08-28,Yes,"Detailed counseling given regarding loan options, visa requirements and university choices."
LEAD-10773,2026-08-03,No,N/A,Neha Verma,+918609493699,student_10773@gmail.com,BR-OFF-18,Official Branch 18,Official,CNS-027,Rohan Gupta,+919407437181,Google Ads,USA,New Zealand,No,Dropped,2026-08-10,Yes,Financial Issue
LEAD-10774,2026-08-03,No,N/A,Aadhya Verma,+918337231068,student_10774@gmail.com,BR-WL-06,WhiteLabel Branch 06,WhiteLabel,CNS-015,Mayank Shah,+919783543540,Google Ads,Germany,Australia,Duolingo,Dropped,2026-08-18,Yes,Spoke with student. Student stated financial issue and dropped abroad plan.
LEAD-10775,2026-08-03,Yes,2026-06-25,Arjun Joshi,+917945820704,student_repeat_13@gmail.com,BR-OFF-24,Official Branch 24,Official,CNS-056,Gaurav Shah,+919120117054,Referral,Ireland,Australia,GRE,Dropped,2026-08-18,Yes,Spoke with student. Student stated financial issue and dropped abroad plan.
LEAD-10776,2026-08-03,No,N/A,Rohan Gupta,+918591504994,student_10776@gmail.com,BR-OFF-16,Official Branch 16,Official,CNS-026,Rohan Trivedi,+919782893941,Website Form,UK,Germany,IELTS,Follow-up Stage,2026-08-28,Yes,"Detailed counseling given regarding loan options, visa requirements and university choices."
LEAD-10777,2026-08-03,No,N/A,Jignesh Gupta,+918988281770,student_10777@gmail.com,BR-OFF-09,Official Branch 09,Official,CNS-060,Monika Trivedi,+919822308461,Education Fair,Canada,New Zealand,IELTS,Dropped,2026-08-18,Yes,None
LEAD-10778,2026-08-03,No,N/A,Simran Shah,+918891319014,student_10778@gmail.com,BR-WL-13,WhiteLabel Branch 13,WhiteLabel,CNS-032,Sneha Sharma,+919980472440,Google Ads,Germany,New Zealand,Duolingo,Inquiry,2026-08-28,No,
LEAD-10779,2026-08-03,No,N/A,Avani Sharma,+918845145014,student_10779@gmail.com,BR-WL-06,WhiteLabel Branch 06,WhiteLabel,CNS-090,Pooja Desai,+919284759615,Website Form,UK,USA,PTE,Follow-up Stage,2026-08-28,Yes,"Detailed counseling given regarding loan options, visa requirements and university choices."
LEAD-10780,2026-08-03,No,N/A,Jignesh Mehta,+919059756509,student_10780@gmail.com,BR-WL-25,WhiteLabel Branch 25,WhiteLabel,CNS-053,Anjali Mehta,+919401486939,Education Fair,Canada,Australia,IELTS,Follow-up Stage,2026-08-28,Yes,"Detailed counseling given regarding loan options, visa requirements and university choices."
LEAD-10781,2026-08-03,No,N/A,Reyansh Singh,+918095853291,student_10781@gmail.com,BR-OFF-09,Official Branch 09,Official,CNS-060,Monika Trivedi,+919822308461,Website Form,Canada,New Zealand,Duolingo,Follow-up Stage,2026-08-28,Yes,Discussed Canada university intakes. Student evaluating budget.
LEAD-10782,2026-08-03,Yes,2026-06-12,Ananya Shah,+917721221887,student_repeat_7@gmail.com,BR-OFF-13,Official Branch 13,Official,CNS-018,Nikhil Verma,+919619927151,Meta Campaign,Ireland,New Zealand,Duolingo,Inquiry,2026-08-10,No,
LEAD-10783,2026-08-03,Yes,2026-06-27,Ayaan Rathod,+917110373808,student_repeat_42@gmail.com,BR-WL-22,WhiteLabel Branch 22,WhiteLabel,CNS-092,Mayank Trivedi,+919710678904,Walk-in,UK,Germany,PTE,Follow-up Stage,2026-08-10,Yes,"Detailed counseling given regarding loan options, visa requirements and university choices."
LEAD-10784,2026-08-03,No,N/A,Riya Verma,+918361750869,student_10784@gmail.com,BR-OFF-11,Official Branch 11,Official,CNS-010,Mayank Shah,+919814763202,Referral,New Zealand,Canada,PTE,Follow-up Stage,2026-08-18,Yes,Discussed New Zealand university intakes. Student evaluating budget.
LEAD-10785,2026-08-03,No,N/A,Reyansh Gupta,+919496242840,student_10785@gmail.com,BR-WL-22,WhiteLabel Branch 22,WhiteLabel,CNS-007,Pooja Trivedi,+919213500298,Referral,New Zealand,Germany,IELTS,Follow-up Stage,2026-08-18,Yes,Discussed New Zealand university intakes. Student evaluating budget.
LEAD-10786,2026-08-03,No,N/A,Karan Mehta,+918536226194,student_10786@gmail.com,BR-WL-06,WhiteLabel Branch 06,WhiteLabel,CNS-048,Manish Desai,+919169820594,Google Ads,UK,Canada,IELTS,Inquiry,2026-08-10,No,
LEAD-10787,2026-08-03,No,N/A,Reyansh Rathod,+919436558028,student_10787@gmail.com,BR-OFF-18,Official Branch 18,Official,CNS-009,Vikram Gupta,+919632719211,Google Ads,Canada,New Zealand,GRE,Follow-up Stage,2026-08-10,Yes,Spoke with student. Student stated financial issue and dropped abroad plan.
LEAD-10788,2026-08-03,No,N/A,Harsh Joshi,+918692949104,student_10788@gmail.com,BR-WL-09,WhiteLabel Branch 09,WhiteLabel,CNS-072,Sachin Verma,+919076082500,Referral,UK,Ireland,GRE,Inquiry,2026-08-18,No,
LEAD-10789,2026-08-03,No,N/A,Vihaan Joshi,+918694427134,student_10789@gmail.com,BR-OFF-14,Official Branch 14,Official,CNS-023,Rohan Verma,+919381469012,Website Form,Australia,New Zealand,PTE,Follow-up Stage,2026-08-10,Yes,Discussed Australia university intakes. Student evaluating budget.
LEAD-10790,2026-08-03,No,N/A,Daxesh Trivedi,+918792378439,student_10790@gmail.com,BR-WL-15,WhiteLabel Branch 15,WhiteLabel,CNS-006,Anjali Sharma,+919542621108,Website Form,UK,Germany,PTE,Follow-up Stage,2026-08-18,Yes,"Detailed counseling given regarding loan options, visa requirements and university choices."
LEAD-10791,2026-08-03,No,N/A,Deep Trivedi,+918368205646,student_10791@gmail.com,BR-OFF-14,Official Branch 14,Official,CNS-033,Megha Bhatt,+919337882805,Website Form,Germany,USA,Duolingo,Dropped,2026-08-28,Yes,Spoke with student. Student stated financial issue and dropped abroad plan.
LEAD-10792,2026-08-03,No,N/A,Daxesh Joshi,+919828698741,student_10792@gmail.com,BR-OFF-01,Official Branch 01,Official,CNS-086,Bhavna Trivedi,+919897677788,Walk-in,Canada,Australia,IELTS,Follow-up Stage,2026-08-28,Yes,Spoke with student. Student stated financial issue and dropped abroad plan.
LEAD-10793,2026-08-03,No,N/A,Daxesh Mehta,+919081086308,student_10793@gmail.com,BR-WL-03,WhiteLabel Branch 03,WhiteLabel,CNS-076,Vikram Gupta,+919867043303,Referral,Canada,USA,IELTS,Follow-up Stage,2026-08-10,Yes,Spoke with student. Student stated financial issue and dropped abroad plan.
LEAD-10794,2026-08-03,No,N/A,Aadhya Mehta,+919330937841,student_10794@gmail.com,BR-OFF-18,Official Branch 18,Official,CNS-011,Deepa Desai,+919365341213,Website Form,UK,Australia,Duolingo,Follow-up Stage,2026-08-10,Yes,Discussed UK university intakes. Student evaluating budget.
LEAD-10795,2026-08-03,No,N/A,Prisha Gupta,+919587539377,student_10795@gmail.com,BR-WL-10,WhiteLabel Branch 10,WhiteLabel,CNS-043,Neha Rathod,+919502564736,Google Ads,USA,Australia,IELTS,Inquiry,2026-08-18,No,
LEAD-10796,2026-08-03,No,N/A,Ishaan Patel,+918491795274,student_10796@gmail.com,BR-WL-24,WhiteLabel Branch 24,WhiteLabel,CNS-094,Anjali Shah,+919621890096,Meta Campaign,USA,UK,GRE,Inquiry,2026-08-28,No,
LEAD-10797,2026-08-03,No,N/A,Simran Rathod,+919495245724,student_10797@gmail.com,BR-OFF-19,Official Branch 19,Official,CNS-093,Gaurav Mehta,+919203901283,Google Ads,Germany,Australia,No,Follow-up Stage,2026-08-18,Yes,Discussed Germany university intakes. Student evaluating budget.
LEAD-10798,2026-08-03,No,N/A,Reyansh Patel,+919362292658,student_10798@gmail.com,BR-WL-19,WhiteLabel Branch 19,WhiteLabel,CNS-019,Deepa Patel,+919049203558,Google Ads,UK,Canada,GRE,Inquiry,2026-08-10,No,
LEAD-10799,2026-08-03,No,N/A,Aditya Verma,+919556902249,student_10799@gmail.com,BR-OFF-09,Official Branch 09,Official,CNS-060,Monika Trivedi,+919822308461,Meta Campaign,UK,New Zealand,GRE,Follow-up Stage,2026-08-10,Yes,Discussed UK university intakes. Student evaluating budget.
LEAD-10800,2026-08-03,No,N/A,Daxesh Mehta,+918583816587,student_10800@gmail.com,BR-WL-15,WhiteLabel Branch 15,WhiteLabel,CNS-062,Rohan Joshi,+919566585408,Website Form,USA,Germany,Duolingo,Dropped,2026-08-18,Yes,No Response
LEAD-10801,2026-08-03,No,N/A,Simran Gupta,+918042543964,student_10801@gmail.com,BR-OFF-12,Official Branch 12,Official,CNS-098,Preeti Patel,+919914122100,Walk-in,Australia,Canada,PTE,Inquiry,2026-08-10,No,
LEAD-10802,2026-08-03,No,N/A,Sai Desai,+918817010665,student_10802@gmail.com,BR-OFF-09,Official Branch 09,Official,CNS-060,Monika Trivedi,+919822308461,Meta Campaign,Australia,USA,Duolingo,Inquiry,2026-08-18,No,
LEAD-10803,2026-08-03,Yes,2026-06-12,Daxesh Desai,+917490941149,student_repeat_8@gmail.com,BR-WL-12,WhiteLabel Branch 12,WhiteLabel,CNS-061,Kavita Chauhan,+919510330567,Google Ads,UK,USA,IELTS,Dropped,2026-08-28,Yes,Planning in India
LEAD-10804,2026-08-03,No,N/A,Ananya Joshi,+918824714080,student_10804@gmail.com,BR-WL-11,WhiteLabel Branch 11,WhiteLabel,CNS-063,Alok Sharma,+919997413271,Meta Campaign,Ireland,Germany,IELTS,Inquiry,2026-08-10,No,
LEAD-10805,2026-08-03,No,N/A,Vihaan Verma,+919214635201,student_10805@gmail.com,BR-OFF-18,Official Branch 18,Official,CNS-021,Sachin Patel,+919408157429,Google Ads,New Zealand,Australia,PTE,Follow-up Stage,2026-08-28,Yes,"Detailed counseling given regarding loan options, visa requirements and university choices."
LEAD-10806,2026-08-03,No,N/A,Meera Joshi,+919495626609,student_10806@gmail.com,BR-WL-03,WhiteLabel Branch 03,WhiteLabel,CNS-008,Bhavna Bhatt,+919585126461,Referral,Australia,Germany,GRE,Application Started,2026-08-10,Yes,Discussed Australia university intakes. Student evaluating budget.
LEAD-10807,2026-08-03,No,N/A,Arjun Desai,+919300163122,student_10807@gmail.com,BR-OFF-05,Official Branch 05,Official,CNS-059,Rajesh Gupta,+919876198296,Referral,UK,Australia,GRE,Dropped,2026-08-28,Yes,Spoke with student. Student stated financial issue and dropped abroad plan.
LEAD-10808,2026-08-03,Yes,2026-07-02,Pooja Joshi,+917840081098,student_repeat_49@gmail.com,BR-OFF-12,Official Branch 12,Official,CNS-083,Swati Mehta,+919452991960,Referral,Australia,Germany,No,Inquiry,2026-08-10,No,
LEAD-10809,2026-08-03,No,N/A,Harsh Verma,+918543036843,student_10809@gmail.com,BR-WL-01,WhiteLabel Branch 01,WhiteLabel,CNS-089,Megha Shah,+919176777762,Meta Campaign,Germany,Ireland,Duolingo,Inquiry,2026-08-28,No,
LEAD-10810,2026-08-03,No,N/A,Jignesh Sharma,+918234664274,student_10810@gmail.com,BR-WL-11,WhiteLabel Branch 11,WhiteLabel,CNS-082,Vikram Sharma,+919204235259,Education Fair,New Zealand,USA,GRE,Application Started,2026-08-10,Yes,Discussed New Zealand university intakes. Student evaluating budget.
LEAD-10811,2026-08-03,No,N/A,Harsh Gupta,+918003389983,student_10811@gmail.com,BR-OFF-07,Official Branch 07,Official,CNS-013,Amit Patel,+919407943839,Website Form,New Zealand,Ireland,Duolingo,Inquiry,2026-08-28,No,
LEAD-10812,2026-08-03,No,N/A,Aadhya Shah,+918378818900,student_10812@gmail.com,BR-WL-06,WhiteLabel Branch 06,WhiteLabel,CNS-048,Manish Desai,+919169820594,Google Ads,Ireland,UK,GRE,Inquiry,2026-08-28,No,
LEAD-10813,2026-08-03,No,N/A,Pari Trivedi,+919748847244,student_10813@gmail.com,BR-WL-12,WhiteLabel Branch 12,WhiteLabel,CNS-028,Pankaj Chauhan,+919738908273,Google Ads,UK,Canada,GRE,Follow-up Stage,2026-08-10,Yes,"Detailed counseling given regarding loan options, visa requirements and university choices."
LEAD-10814,2026-08-03,No,N/A,Prisha Sharma,+919864793182,student_10814@gmail.com,BR-WL-11,WhiteLabel Branch 11,WhiteLabel,CNS-082,Vikram Sharma,+919204235259,Google Ads,Canada,Australia,IELTS,Application Started,2026-08-18,Yes,Discussed Canada university intakes. Student evaluating budget.
LEAD-10815,2026-08-03,No,N/A,Chiara Rathod,+919633233470,student_10815@gmail.com,BR-OFF-07,Official Branch 07,Official,CNS-013,Amit Patel,+919407943839,Website Form,Canada,Australia,IELTS,Dropped,2026-08-10,Yes,Spoke with student. Student stated financial issue and dropped abroad plan.
LEAD-10816,2026-08-03,No,N/A,Simran Patel,+918806736171,student_10816@gmail.com,BR-WL-03,WhiteLabel Branch 03,WhiteLabel,CNS-078,Alok Verma,+919454814084,Education Fair,New Zealand,USA,Duolingo,Inquiry,2026-08-18,No,
LEAD-10817,2026-08-03,No,N/A,Diya Joshi,+919464283194,student_10817@gmail.com,BR-OFF-01,Official Branch 01,Official,CNS-044,Priya Trivedi,+919924255163,Meta Campaign,New Zealand,UK,PTE,Dropped,2026-08-18,Yes,Spoke with student. Student stated financial issue and dropped abroad plan.
LEAD-10818,2026-08-03,No,N/A,Deep Joshi,+919731452081,student_10818@gmail.com,BR-OFF-07,Official Branch 07,Official,CNS-013,Amit Patel,+919407943839,Website Form,Australia,New Zealand,Duolingo,Dropped,2026-08-10,Yes,Spoke with student. Student stated financial issue and dropped abroad plan.
LEAD-10819,2026-08-03,No,N/A,Deep Singh,+918600151936,student_10819@gmail.com,BR-WL-06,WhiteLabel Branch 06,WhiteLabel,CNS-090,Pooja Desai,+919284759615,Google Ads,USA,Germany,No,Follow-up Stage,2026-08-18,Yes,Spoke with student. Student stated financial issue and dropped abroad plan.
LEAD-10820,2026-08-03,No,N/A,Aarav Rathod,+919745086112,student_10820@gmail.com,BR-WL-01,WhiteLabel Branch 01,WhiteLabel,CNS-042,Alok Rathod,+919068212356,Website Form,Ireland,USA,IELTS,Inquiry,2026-08-28,No,
LEAD-10821,2026-08-03,No,N/A,Ananya Trivedi,+919705016942,student_10821@gmail.com,BR-OFF-18,Official Branch 18,Official,CNS-011,Deepa Desai,+919365341213,Meta Campaign,Australia,Germany,IELTS,Dropped,2026-08-18,Yes,Spoke with student. Student stated financial issue and dropped abroad plan.
LEAD-10822,2026-08-03,No,N/A,Deep Singh,+919881698194,student_10822@gmail.com,BR-WL-23,WhiteLabel Branch 23,WhiteLabel,CNS-074,Anjali Trivedi,+919142068763,Referral,Germany,Canada,GRE,Inquiry,2026-08-10,No,
LEAD-10823,2026-08-03,No,N/A,Rohan Singh,+919878588145,student_10823@gmail.com,BR-OFF-09,Official Branch 09,Official,CNS-060,Monika Trivedi,+919822308461,Google Ads,Australia,Canada,Duolingo,Dropped,2026-08-10,Yes,Spoke with student. Student stated financial issue and dropped abroad plan.
LEAD-10824,2026-08-03,No,N/A,Karan Rathod,+919503043136,student_10824@gmail.com,BR-OFF-22,Official Branch 22,Official,CNS-012,Kavita Sharma,+919819795579,Website Form,Australia,New Zealand,IELTS,Application Started,2026-08-18,Yes,Discussed Australia university intakes. Student evaluating budget.
